numberIterationErrors;maxRelativeError;minRelativeError;averageRelativeError;numberErrorsLessThan0.1;numberErrorsLessThan0.2;numberErrorsLessThan0.3;numberErrorsLessThan0.4;numberErrorsLessThan0.5;numberErrorsLessThan1;numberErrorsLessThan2;numberErrorsLessThan3;numberErrorsLessThan4;numberErrorsLessThan5;numberErrorsLessThan8;numberErrorsLessThan10;numberErrorsLessThan12;numberErrorsLessThan15
80000;2.1721252344539086;0.0;2.7151565430673858e-05;79999;79999;79999;79999;79999;79999;79999;80000;80000;80000;80000;80000;80000;80000
837;0.0;0.0;0.0;837;837;837;837;837;837;837;837;837;837;837;837;837;837
80000;11.599312488381113;0.0;0.0001449914061047639;79999;79999;79999;79999;79999;79999;79999;79999;79999;79999;79999;79999;80000;80000
837;0.0;0.0;0.0;837;837;837;837;837;837;837;837;837;837;837;837;837;837
12681;0.0;0.0;0.0;12681;12681;12681;12681;12681;12681;12681;12681;12681;12681;12681;12681;12681;12681
80000;0.0;0.0;0.0;80000;80000;80000;80000;80000;80000;80000;80000;80000;80000;80000;80000;80000;80000
837;0.0;0.0;0.0;837;837;837;837;837;837;837;837;837;837;837;837;837;837
80000;10.985711192334069;0.0;0.00013732138990417585;79999;79999;79999;79999;79999;79999;79999;79999;79999;79999;79999;79999;80000;80000
40870;259.5194783542968;0.0;36.7301016048014;29220;29256;29289;29320;29360;29685;29998;30050;30050;30050;30050;30353;31246;31498
80000;11.972839602619691;0.0;0.00014966049503274613;79999;79999;79999;79999;79999;79999;79999;79999;79999;79999;79999;79999;80000;80000
3543;0.0;0.0;0.0;3543;3543;3543;3543;3543;3543;3543;3543;3543;3543;3543;3543;3543;3543
80000;0.0;0.0;0.0;80000;80000;80000;80000;80000;80000;80000;80000;80000;80000;80000;80000;80000;80000
4401;0.0;0.0;0.0;4401;4401;4401;4401;4401;4401;4401;4401;4401;4401;4401;4401;4401;4401
1722;0.0;0.0;0.0;1722;1722;1722;1722;1722;1722;1722;1722;1722;1722;1722;1722;1722;1722
5224;0.0;0.0;0.0;5224;5224;5224;5224;5224;5224;5224;5224;5224;5224;5224;5224;5224;5224
2632;0.0;0.0;0.0;2632;2632;2632;2632;2632;2632;2632;2632;2632;2632;2632;2632;2632;2632
3098;0.0;0.0;0.0;3098;3098;3098;3098;3098;3098;3098;3098;3098;3098;3098;3098;3098;3098
40473;259.5182963651789;0.0;36.312836249910625;28842;28875;28909;28938;28974;29283;29598;29657;29657;29657;29657;29982;30896;31161
80000;28.801354589111433;0.0;0.0003600169323638929;79999;79999;79999;79999;79999;79999;79999;79999;79999;79999;79999;79999;79999;79999
80000;12481.034899653421;0.0;0.15601293624566775;79999;79999;79999;79999;79999;79999;79999;79999;79999;79999;79999;79999;79999;79999
0;;;;0;0;0;0;0;0;0;0;0;0;0;0;0;0
80000;9.898311299998108;0.0;0.00012372889124997636;79999;79999;79999;79999;79999;79999;79999;79999;79999;79999;79999;80000;80000;80000
80000;10.976224373906962;0.0;0.00013720280467383704;79999;79999;79999;79999;79999;79999;79999;79999;79999;79999;79999;79999;80000;80000
2632;0.0;0.0;0.0;2632;2632;2632;2632;2632;2632;2632;2632;2632;2632;2632;2632;2632;2632
80000;10.559383427443553;0.0;0.0001319922928430444;79999;79999;79999;79999;79999;79999;79999;79999;79999;79999;79999;79999;80000;80000
40279;259.5188873575483;0.0;36.69766938883036;28623;28677;28716;28756;28789;29105;29473;29540;29540;29540;29540;29855;30722;30967
80000;11.963667369626911;0.0;0.0001495458421203364;79999;79999;79999;79999;79999;79999;79999;79999;79999;79999;79999;79999;80000;80000
80000;9.347086146266232;0.0;0.0001168385768283279;79999;79999;79999;79999;79999;79999;79999;79999;79999;79999;79999;80000;80000;80000
80000;0.0;0.0;0.0;80000;80000;80000;80000;80000;80000;80000;80000;80000;80000;80000;80000;80000;80000
80000;11.646510325371057;0.0;0.0001455813790671382;79999;79999;79999;79999;79999;79999;79999;79999;79999;79999;79999;79999;80000;80000
80000;9.360501423905252;0.0;0.00011700626779881565;79999;79999;79999;79999;79999;79999;79999;79999;79999;79999;79999;80000;80000;80000
80000;1.2108148259586002;0.0;1.5135185324482502e-05;79999;79999;79999;79999;79999;79999;80000;80000;80000;80000;80000;80000;80000;80000
80000;0.6117811571403593;0.0;7.647264464254491e-06;79999;79999;79999;79999;79999;80000;80000;80000;80000;80000;80000;80000;80000;80000
0;;;;0;0;0;0;0;0;0;0;0;0;0;0;0;0
80000;0.003926123443861276;0.0;4.907654304826595e-08;80000;80000;80000;80000;80000;80000;80000;80000;80000;80000;80000;80000;80000;80000
80000;10.431593689251613;0.0;0.00013039492111564517;79999;79999;79999;79999;79999;79999;79999;79999;79999;79999;79999;79999;80000;80000
80000;0.0;0.0;0.0;80000;80000;80000;80000;80000;80000;80000;80000;80000;80000;80000;80000;80000;80000
80000;9.347086146266232;0.0;0.0001168385768283279;79999;79999;79999;79999;79999;79999;79999;79999;79999;79999;79999;80000;80000;80000
80000;0.06608952840867902;0.0;8.261191051084877e-07;80000;80000;80000;80000;80000;80000;80000;80000;80000;80000;80000;80000;80000;80000
0;;;;0;0;0;0;0;0;0;0;0;0;0;0;0;0
80000;0.6117811571403593;0.0;7.647264464254491e-06;79999;79999;79999;79999;79999;80000;80000;80000;80000;80000;80000;80000;80000;80000
80000;9.347086146266232;0.0;0.0001168385768283279;79999;79999;79999;79999;79999;79999;79999;79999;79999;79999;79999;80000;80000;80000
80000;100.0;0.0;0.00125;79999;79999;79999;79999;79999;79999;79999;79999;79999;79999;79999;79999;79999;79999
0;;;;0;0;0;0;0;0;0;0;0;0;0;0;0;0
7820;0.0;0.0;0.0;7820;7820;7820;7820;7820;7820;7820;7820;7820;7820;7820;7820;7820;7820
41156;259.5188873575483;0.0;34.52625935823841;29600;29637;29678;29711;29755;30117;30438;30497;30497;30497;30497;30814;31739;32005
80000;0.0;0.0;0.0;80000;80000;80000;80000;80000;80000;80000;80000;80000;80000;80000;80000;80000;80000
837;0.0;0.0;0.0;837;837;837;837;837;837;837;837;837;837;837;837;837;837
80000;10.976224373906962;0.0;0.00013720280467383704;79999;79999;79999;79999;79999;79999;79999;79999;79999;79999;79999;79999;80000;80000
0;;;;0;0;0;0;0;0;0;0;0;0;0;0;0;0
80000;0.0;0.0;0.0;80000;80000;80000;80000;80000;80000;80000;80000;80000;80000;80000;80000;80000;80000
837;0.0;0.0;0.0;837;837;837;837;837;837;837;837;837;837;837;837;837;837
0;;;;0;0;0;0;0;0;0;0;0;0;0;0;0;0
4401;0.0;0.0;0.0;4401;4401;4401;4401;4401;4401;4401;4401;4401;4401;4401;4401;4401;4401
2632;0.0;0.0;0.0;2632;2632;2632;2632;2632;2632;2632;2632;2632;2632;2632;2632;2632;2632
80000;0.0;0.0;0.0;80000;80000;80000;80000;80000;80000;80000;80000;80000;80000;80000;80000;80000;80000
80000;0.0;0.0;0.0;80000;80000;80000;80000;80000;80000;80000;80000;80000;80000;80000;80000;80000;80000
40163;259.5194783542968;0.0;37.423652745652156;28365;28411;28441;28486;28523;28861;29202;29254;29254;29254;29254;29585;30450;30681
1722;0.0;0.0;0.0;1722;1722;1722;1722;1722;1722;1722;1722;1722;1722;1722;1722;1722;1722
80000;12.329542638146442;0.0;0.00015411928297683053;79999;79999;79999;79999;79999;79999;79999;79999;79999;79999;79999;79999;79999;80000
80000;0.0;0.0;0.0;80000;80000;80000;80000;80000;80000;80000;80000;80000;80000;80000;80000;80000;80000
40729;259.5188873575483;0.0;37.20236814597044;28943;28980;29025;29039;29074;29391;29701;29753;29753;29753;29753;30073;30927;31183
80000;0.0;0.0;0.0;80000;80000;80000;80000;80000;80000;80000;80000;80000;80000;80000;80000;80000;80000
80000;100.0;0.0;0.00125;79999;79999;79999;79999;79999;79999;79999;79999;79999;79999;79999;79999;79999;79999
80000;0.6117811571403593;0.0;7.647264464254491e-06;79999;79999;79999;79999;79999;80000;80000;80000;80000;80000;80000;80000;80000;80000
837;0.0;0.0;0.0;837;837;837;837;837;837;837;837;837;837;837;837;837;837
40627;259.5182963651789;0.0;37.60151218375131;28809;28834;28869;28896;28930;29238;29563;29611;29611;29611;29611;29917;30738;30976
41851;259.5182963651789;0.0;32.647378019694386;30818;30847;30888;30923;30959;31313;31616;31661;31661;31661;31661;31971;32829;33071
80000;9.347086146266232;0.0;0.0001168385768283279;79999;79999;79999;79999;79999;79999;79999;79999;79999;79999;79999;80000;80000;80000
1722;0.0;0.0;0.0;1722;1722;1722;1722;1722;1722;1722;1722;1722;1722;1722;1722;1722;1722
2427;0.0;0.0;0.0;2427;2427;2427;2427;2427;2427;2427;2427;2427;2427;2427;2427;2427;2427
0;;;;0;0;0;0;0;0;0;0;0;0;0;0;0;0
80000;0.4140976367650777;0.0;5.176220459563471e-06;79999;79999;79999;79999;80000;80000;80000;80000;80000;80000;80000;80000;80000;80000
43849;259.5194783542968;0.0;29.013004610741785;33818;33848;33872;33899;33924;34156;34457;34526;34526;34526;34526;34792;35527;35751
80000;100.0;0.0;0.00125;79999;79999;79999;79999;79999;79999;79999;79999;79999;79999;79999;79999;79999;79999
80000;0.0;0.0;0.0;80000;80000;80000;80000;80000;80000;80000;80000;80000;80000;80000;80000;80000;80000
80000;11.29410308858107;0.0;0.00014117628860726338;79999;79999;79999;79999;79999;79999;79999;79999;79999;79999;79999;79999;80000;80000
80000;11.709292398674616;0.0;0.0001463661549834327;79999;79999;79999;79999;79999;79999;79999;79999;79999;79999;79999;79999;80000;80000
80000;0.0;0.0;0.0;80000;80000;80000;80000;80000;80000;80000;80000;80000;80000;80000;80000;80000;80000
80000;0.0;0.0;0.0;80000;80000;80000;80000;80000;80000;80000;80000;80000;80000;80000;80000;80000;80000
837;0.0;0.0;0.0;837;837;837;837;837;837;837;837;837;837;837;837;837;837
1722;0.0;0.0;0.0;1722;1722;1722;1722;1722;1722;1722;1722;1722;1722;1722;1722;1722;1722
837;0.0;0.0;0.0;837;837;837;837;837;837;837;837;837;837;837;837;837;837
80000;0.0;0.0;0.0;80000;80000;80000;80000;80000;80000;80000;80000;80000;80000;80000;80000;80000;80000
80000;9.347086146266232;0.0;0.0001168385768283279;79999;79999;79999;79999;79999;79999;79999;79999;79999;79999;79999;80000;80000;80000
0;;;;0;0;0;0;0;0;0;0;0;0;0;0;0;0
40219;259.51770537718863;0.0;37.0595752972671;28506;28536;28567;28592;28624;28965;29304;29352;29352;29352;29352;29673;30559;30802
40559;259.51770537718863;0.0;37.40516455738575;28818;28853;28883;28911;28948;29252;29539;29587;29587;29587;29587;29926;30758;31002
2632;0.0;0.0;0.0;2632;2632;2632;2632;2632;2632;2632;2632;2632;2632;2632;2632;2632;2632
80000;0.0;0.0;0.0;80000;80000;80000;80000;80000;80000;80000;80000;80000;80000;80000;80000;80000;80000
0;;;;0;0;0;0;0;0;0;0;0;0;0;0;0;0
40081;259.5194783542968;0.0;37.0800055916416;28184;28226;28267;28296;28332;28685;28996;29048;29048;29048;29048;29414;30385;30633
80000;0.2898901623842932;0.0;3.6236270298036653e-06;79999;79999;80000;80000;80000;80000;80000;80000;80000;80000;80000;80000;80000;80000
0;;;;0;0;0;0;0;0;0;0;0;0;0;0;0;0
80000;0.6117811571403593;0.0;7.647264464254491e-06;79999;79999;79999;79999;79999;80000;80000;80000;80000;80000;80000;80000;80000;80000
80000;10.975397328613923;0.0;0.00013719246660767403;79999;79999;79999;79999;79999;79999;79999;79999;79999;79999;79999;79999;80000;80000
279;0.0;0.0;0.0;279;279;279;279;279;279;279;279;279;279;279;279;279;279
1329;0.0;0.0;0.0;1329;1329;1329;1329;1329;1329;1329;1329;1329;1329;1329;1329;1329;1329
9453;0.0;0.0;0.0;9453;9453;9453;9453;9453;9453;9453;9453;9453;9453;9453;9453;9453;9453
80000;0.0;0.0;0.0;80000;80000;80000;80000;80000;80000;80000;80000;80000;80000;80000;80000;80000;80000
80000;2.248287538306284;0.0;2.810359422882855e-05;79999;79999;79999;79999;79999;79999;79999;80000;80000;80000;80000;80000;80000;80000
1722;0.0;0.0;0.0;1722;1722;1722;1722;1722;1722;1722;1722;1722;1722;1722;1722;1722;1722
4401;0.0;0.0;0.0;4401;4401;4401;4401;4401;4401;4401;4401;4401;4401;4401;4401;4401;4401
80000;0.0;0.0;0.0;80000;80000;80000;80000;80000;80000;80000;80000;80000;80000;80000;80000;80000;80000
80000;0.0;0.0;0.0;80000;80000;80000;80000;80000;80000;80000;80000;80000;80000;80000;80000;80000;80000
80000;0.5240843245789562;0.0;6.551054057236952e-06;79999;79999;79999;79999;79999;80000;80000;80000;80000;80000;80000;80000;80000;80000
6068;0.0;0.0;0.0;6068;6068;6068;6068;6068;6068;6068;6068;6068;6068;6068;6068;6068;6068
44622;259.5194783542968;0.0;26.096544395257762;34991;35020;35056;35077;35113;35342;35637;35707;35707;35707;35707;35977;36777;36981
1722;0.0;0.0;0.0;1722;1722;1722;1722;1722;1722;1722;1722;1722;1722;1722;1722;1722;1722
80000;1.1963294911128903;0.0;1.4954118638911129e-05;79999;79999;79999;79999;79999;79999;80000;80000;80000;80000;80000;80000;80000;80000
0;;;;0;0;0;0;0;0;0;0;0;0;0;0;0;0
80000;0.0;0.0;0.0;80000;80000;80000;80000;80000;80000;80000;80000;80000;80000;80000;80000;80000;80000
80000;0.0;0.0;0.0;80000;80000;80000;80000;80000;80000;80000;80000;80000;80000;80000;80000;80000;80000
80000;9.898311299998108;0.0;0.00012372889124997636;79999;79999;79999;79999;79999;79999;79999;79999;79999;79999;79999;80000;80000;80000
80000;0.38274005601427336;0.0;4.784250700178417e-06;79999;79999;79999;80000;80000;80000;80000;80000;80000;80000;80000;80000;80000;80000
80000;0.0;0.0;0.0;80000;80000;80000;80000;80000;80000;80000;80000;80000;80000;80000;80000;80000;80000
3543;0.0;0.0;0.0;3543;3543;3543;3543;3543;3543;3543;3543;3543;3543;3543;3543;3543;3543
80000;0.07644712786513595;0.0;9.555890983141993e-07;80000;80000;80000;80000;80000;80000;80000;80000;80000;80000;80000;80000;80000;80000
80000;10.880738803506853;0.0;0.00013600923504383566;79999;79999;79999;79999;79999;79999;79999;79999;79999;79999;79999;79999;80000;80000
80000;0.0;0.0;0.0;80000;80000;80000;80000;80000;80000;80000;80000;80000;80000;80000;80000;80000;80000
2632;0.0;0.0;0.0;2632;2632;2632;2632;2632;2632;2632;2632;2632;2632;2632;2632;2632;2632
80000;9.898311299998108;0.0;0.00012372889124997636;79999;79999;79999;79999;79999;79999;79999;79999;79999;79999;79999;80000;80000;80000
80000;9.347086146266232;0.0;0.0001168385768283279;79999;79999;79999;79999;79999;79999;79999;79999;79999;79999;79999;80000;80000;80000
80000;0.0;0.0;0.0;80000;80000;80000;80000;80000;80000;80000;80000;80000;80000;80000;80000;80000;80000
80000;9.878072571205616;0.0;0.0001234759071400702;79999;79999;79999;79999;79999;79999;79999;79999;79999;79999;79999;80000;80000;80000
80000;0.0;0.0;0.0;80000;80000;80000;80000;80000;80000;80000;80000;80000;80000;80000;80000;80000;80000
41709;259.5188873575483;0.0;34.013426155485654;30386;30442;30484;30504;30546;30861;31141;31183;31183;31183;31183;31495;32381;32603
80000;0.6080611535788735;0.0;7.600764419735918e-06;79999;79999;79999;79999;79999;80000;80000;80000;80000;80000;80000;80000;80000;80000
80000;0.0;0.0;0.0;80000;80000;80000;80000;80000;80000;80000;80000;80000;80000;80000;80000;80000;80000
80000;0.0;0.0;0.0;80000;80000;80000;80000;80000;80000;80000;80000;80000;80000;80000;80000;80000;80000
80000;0.0;0.0;0.0;80000;80000;80000;80000;80000;80000;80000;80000;80000;80000;80000;80000;80000;80000
80000;100.0;0.0;0.00125;79999;79999;79999;79999;79999;79999;79999;79999;79999;79999;79999;79999;79999;79999
5224;0.0;0.0;0.0;5224;5224;5224;5224;5224;5224;5224;5224;5224;5224;5224;5224;5224;5224
80000;10.976224373906962;0.0;0.00013720280467383704;79999;79999;79999;79999;79999;79999;79999;79999;79999;79999;79999;79999;80000;80000
80000;0.0;0.0;0.0;80000;80000;80000;80000;80000;80000;80000;80000;80000;80000;80000;80000;80000;80000
80000;0.0;0.0;0.0;80000;80000;80000;80000;80000;80000;80000;80000;80000;80000;80000;80000;80000;80000
80000;9.347086146266232;0.0;0.0001168385768283279;79999;79999;79999;79999;79999;79999;79999;79999;79999;79999;79999;80000;80000;80000
80000;0.0;0.0;0.0;80000;80000;80000;80000;80000;80000;80000;80000;80000;80000;80000;80000;80000;80000
80000;10.976224373906962;0.0;0.00013720280467383704;79999;79999;79999;79999;79999;79999;79999;79999;79999;79999;79999;79999;80000;80000
828;0.0;0.0;0.0;828;828;828;828;828;828;828;828;828;828;828;828;828;828
80000;0.4667364427291236;0.0;5.834205534114045e-06;79999;79999;79999;79999;80000;80000;80000;80000;80000;80000;80000;80000;80000;80000
80000;9.898311299998108;0.0;0.00012372889124997636;79999;79999;79999;79999;79999;79999;79999;79999;79999;79999;79999;80000;80000;80000
80000;0.0;0.0;0.0;80000;80000;80000;80000;80000;80000;80000;80000;80000;80000;80000;80000;80000;80000
80000;0.0;0.0;0.0;80000;80000;80000;80000;80000;80000;80000;80000;80000;80000;80000;80000;80000;80000
80000;100.0;0.0;0.00125;79999;79999;79999;79999;79999;79999;79999;79999;79999;79999;79999;79999;79999;79999
80000;0.6080611535788735;0.0;7.600764419735918e-06;79999;79999;79999;79999;79999;80000;80000;80000;80000;80000;80000;80000;80000;80000
80000;10.310850196550247;0.0;0.0001288856274568781;79999;79999;79999;79999;79999;79999;79999;79999;79999;79999;79999;79999;80000;80000
3543;0.0;0.0;0.0;3543;3543;3543;3543;3543;3543;3543;3543;3543;3543;3543;3543;3543;3543
2632;0.0;0.0;0.0;2632;2632;2632;2632;2632;2632;2632;2632;2632;2632;2632;2632;2632;2632
80000;0.0;0.0;0.0;80000;80000;80000;80000;80000;80000;80000;80000;80000;80000;80000;80000;80000;80000
80000;0.6117811571403593;0.0;7.647264464254491e-06;79999;79999;79999;79999;79999;80000;80000;80000;80000;80000;80000;80000;80000;80000
80000;10.976224373906962;0.0;0.00013720280467383704;79999;79999;79999;79999;79999;79999;79999;79999;79999;79999;79999;79999;80000;80000
80000;10.976224373906962;0.0;0.00013720280467383704;79999;79999;79999;79999;79999;79999;79999;79999;79999;79999;79999;79999;80000;80000
80000;11.646510325371057;0.0;0.0001455813790671382;79999;79999;79999;79999;79999;79999;79999;79999;79999;79999;79999;79999;80000;80000
16432;0.0;0.0;0.0;16432;16432;16432;16432;16432;16432;16432;16432;16432;16432;16432;16432;16432;16432
80000;10.431593689251613;0.0;0.00013039492111564517;79999;79999;79999;79999;79999;79999;79999;79999;79999;79999;79999;79999;80000;80000
80000;0.5160405028387122;0.0;6.4505062854839025e-06;79999;79999;79999;79999;79999;80000;80000;80000;80000;80000;80000;80000;80000;80000
80000;10.985711192334069;0.0;0.00013732138990417585;79999;79999;79999;79999;79999;79999;79999;79999;79999;79999;79999;79999;80000;80000
80000;9.347086146266232;0.0;0.0001168385768283279;79999;79999;79999;79999;79999;79999;79999;79999;79999;79999;79999;80000;80000;80000
3543;0.0;0.0;0.0;3543;3543;3543;3543;3543;3543;3543;3543;3543;3543;3543;3543;3543;3543
80000;0.0;0.0;0.0;80000;80000;80000;80000;80000;80000;80000;80000;80000;80000;80000;80000;80000;80000
5224;0.0;0.0;0.0;5224;5224;5224;5224;5224;5224;5224;5224;5224;5224;5224;5224;5224;5224
80000;0.6117811571403593;0.0;7.647264464254491e-06;79999;79999;79999;79999;79999;80000;80000;80000;80000;80000;80000;80000;80000;80000
80000;1.1963294911128903;0.0;1.4954118638911129e-05;79999;79999;79999;79999;79999;79999;80000;80000;80000;80000;80000;80000;80000;80000
80000;0.0;0.0;0.0;80000;80000;80000;80000;80000;80000;80000;80000;80000;80000;80000;80000;80000;80000
80000;259.5188873575483;0.0;19.872033373801937;68467;68484;68505;68518;68535;68560;68579;68594;68594;68594;68594;68619;68718;68779
80000;9.898311299998108;0.0;0.00012372889124997636;79999;79999;79999;79999;79999;79999;79999;79999;79999;79999;79999;80000;80000;80000
80000;0.0;0.0;0.0;80000;80000;80000;80000;80000;80000;80000;80000;80000;80000;80000;80000;80000;80000
80000;10.310850196550247;0.0;0.0001288856274568781;79999;79999;79999;79999;79999;79999;79999;79999;79999;79999;79999;79999;80000;80000
50438;259.5188873575483;0.0;19.377711985602243;42196;42219;42246;42260;42285;42618;42882;42911;42911;42911;42911;43153;43913;44103
80000;10.985711192334069;0.0;0.00013732138990417585;79999;79999;79999;79999;79999;79999;79999;79999;79999;79999;79999;79999;80000;80000
80000;0.0;0.0;0.0;80000;80000;80000;80000;80000;80000;80000;80000;80000;80000;80000;80000;80000;80000
46724;259.5194783542968;0.0;25.845281592214352;37134;37156;37181;37205;37228;37487;37778;37835;37835;37835;37835;38089;38849;39092
837;0.0;0.0;0.0;837;837;837;837;837;837;837;837;837;837;837;837;837;837
80000;10.985711192334069;0.0;0.00013732138990417585;79999;79999;79999;79999;79999;79999;79999;79999;79999;79999;79999;79999;80000;80000
1722;0.0;0.0;0.0;1722;1722;1722;1722;1722;1722;1722;1722;1722;1722;1722;1722;1722;1722
80000;0.0;0.0;0.0;80000;80000;80000;80000;80000;80000;80000;80000;80000;80000;80000;80000;80000;80000
80000;13.086192283598052;0.0;0.00016357740354497566;79999;79999;79999;79999;79999;79999;79999;79999;79999;79999;79999;79999;79999;80000
80000;9.347086146266232;0.0;0.0001168385768283279;79999;79999;79999;79999;79999;79999;79999;79999;79999;79999;79999;80000;80000;80000
0;;;;0;0;0;0;0;0;0;0;0;0;0;0;0;0
80000;0.0;0.0;0.0;80000;80000;80000;80000;80000;80000;80000;80000;80000;80000;80000;80000;80000;80000
80000;10.976224373906962;0.0;0.00013720280467383704;79999;79999;79999;79999;79999;79999;79999;79999;79999;79999;79999;79999;80000;80000
6068;0.0;0.0;0.0;6068;6068;6068;6068;6068;6068;6068;6068;6068;6068;6068;6068;6068;6068
4691;0.0;0.0;0.0;4691;4691;4691;4691;4691;4691;4691;4691;4691;4691;4691;4691;4691;4691
6068;0.0;0.0;0.0;6068;6068;6068;6068;6068;6068;6068;6068;6068;6068;6068;6068;6068;6068
1654;0.0;0.0;0.0;1654;1654;1654;1654;1654;1654;1654;1654;1654;1654;1654;1654;1654;1654
837;0.0;0.0;0.0;837;837;837;837;837;837;837;837;837;837;837;837;837;837
1722;0.0;0.0;0.0;1722;1722;1722;1722;1722;1722;1722;1722;1722;1722;1722;1722;1722;1722
80000;0.0;0.0;0.0;80000;80000;80000;80000;80000;80000;80000;80000;80000;80000;80000;80000;80000;80000
837;0.0;0.0;0.0;837;837;837;837;837;837;837;837;837;837;837;837;837;837
80000;11.999687228157276;0.0;0.00014999609035196596;79999;79999;79999;79999;79999;79999;79999;79999;79999;79999;79999;79999;80000;80000
837;0.0;0.0;0.0;837;837;837;837;837;837;837;837;837;837;837;837;837;837
80000;0.6117811571403593;0.0;7.647264464254491e-06;79999;79999;79999;79999;79999;80000;80000;80000;80000;80000;80000;80000;80000;80000
4401;0.0;0.0;0.0;4401;4401;4401;4401;4401;4401;4401;4401;4401;4401;4401;4401;4401;4401
80000;0.1908297512049042;0.0;2.3853718900613023e-06;79999;80000;80000;80000;80000;80000;80000;80000;80000;80000;80000;80000;80000;80000
41845;259.5194783542968;0.0;33.40476111043348;30678;30718;30740;30767;30812;31139;31448;31492;31492;31492;31492;31795;32626;32859
80000;9.347086146266232;0.0;0.0001168385768283279;79999;79999;79999;79999;79999;79999;79999;79999;79999;79999;79999;80000;80000;80000
3543;0.0;0.0;0.0;3543;3543;3543;3543;3543;3543;3543;3543;3543;3543;3543;3543;3543;3543
837;0.0;0.0;0.0;837;837;837;837;837;837;837;837;837;837;837;837;837;837
80000;10.976224373906962;0.0;0.00013720280467383704;79999;79999;79999;79999;79999;79999;79999;79999;79999;79999;79999;79999;80000;80000
2159;0.0;0.0;0.0;2159;2159;2159;2159;2159;2159;2159;2159;2159;2159;2159;2159;2159;2159
80000;0.0;0.0;0.0;80000;80000;80000;80000;80000;80000;80000;80000;80000;80000;80000;80000;80000;80000
80000;10.431593689251613;0.0;0.00013039492111564517;79999;79999;79999;79999;79999;79999;79999;79999;79999;79999;79999;79999;80000;80000
2632;0.0;0.0;0.0;2632;2632;2632;2632;2632;2632;2632;2632;2632;2632;2632;2632;2632;2632
80000;0.0;0.0;0.0;80000;80000;80000;80000;80000;80000;80000;80000;80000;80000;80000;80000;80000;80000
80000;10.985711192334069;0.0;0.00013732138990417585;79999;79999;79999;79999;79999;79999;79999;79999;79999;79999;79999;79999;80000;80000
837;0.0;0.0;0.0;837;837;837;837;837;837;837;837;837;837;837;837;837;837
0;;;;0;0;0;0;0;0;0;0;0;0;0;0;0;0
80000;1.1963294911128903;0.0;1.4954118638911129e-05;79999;79999;79999;79999;79999;79999;80000;80000;80000;80000;80000;80000;80000;80000
80000;9.347086146266232;0.0;0.0001168385768283279;79999;79999;79999;79999;79999;79999;79999;79999;79999;79999;79999;80000;80000;80000
47272;259.51711439357734;0.0;24.626678291294695;37717;37744;37778;37800;37823;38118;38406;38461;38461;38461;38461;38727;39499;39730
80000;0.6117811571403593;0.0;7.647264464254491e-06;79999;79999;79999;79999;79999;80000;80000;80000;80000;80000;80000;80000;80000;80000
80000;9.347086146266232;0.0;0.0001168385768283279;79999;79999;79999;79999;79999;79999;79999;79999;79999;79999;79999;80000;80000;80000
80000;0.0;0.0;0.0;80000;80000;80000;80000;80000;80000;80000;80000;80000;80000;80000;80000;80000;80000
80000;10.431593689251613;0.0;0.00013039492111564517;79999;79999;79999;79999;79999;79999;79999;79999;79999;79999;79999;79999;80000;80000
80000;9.347086146266232;0.0;0.0001168385768283279;79999;79999;79999;79999;79999;79999;79999;79999;79999;79999;79999;80000;80000;80000
80000;0.0;0.0;0.0;80000;80000;80000;80000;80000;80000;80000;80000;80000;80000;80000;80000;80000;80000
80000;0.0;0.0;0.0;80000;80000;80000;80000;80000;80000;80000;80000;80000;80000;80000;80000;80000;80000
80000;0.0;0.0;0.0;80000;80000;80000;80000;80000;80000;80000;80000;80000;80000;80000;80000;80000;80000
80000;0.0;0.0;0.0;80000;80000;80000;80000;80000;80000;80000;80000;80000;80000;80000;80000;80000;80000
80000;0.05169958315179525;0.0;6.462447893974407e-07;80000;80000;80000;80000;80000;80000;80000;80000;80000;80000;80000;80000;80000;80000
80000;0.3492251364059139;0.0;4.365314205073924e-06;79999;79999;79999;80000;80000;80000;80000;80000;80000;80000;80000;80000;80000;80000
80000;0.0;0.0;0.0;80000;80000;80000;80000;80000;80000;80000;80000;80000;80000;80000;80000;80000;80000
80000;0.6080611535788735;0.0;7.600764419735918e-06;79999;79999;79999;79999;79999;80000;80000;80000;80000;80000;80000;80000;80000;80000
80000;0.07124439113824585;0.0;8.905548892280731e-07;80000;80000;80000;80000;80000;80000;80000;80000;80000;80000;80000;80000;80000;80000
837;0.0;0.0;0.0;837;837;837;837;837;837;837;837;837;837;837;837;837;837
80000;10.431593689251613;0.0;0.00013039492111564517;79999;79999;79999;79999;79999;79999;79999;79999;79999;79999;79999;79999;80000;80000
80000;40.090931351946;0.0;0.0005011366418993249;79999;79999;79999;79999;79999;79999;79999;79999;79999;79999;79999;79999;79999;79999
1722;0.0;0.0;0.0;1722;1722;1722;1722;1722;1722;1722;1722;1722;1722;1722;1722;1722;1722
3543;0.0;0.0;0.0;3543;3543;3543;3543;3543;3543;3543;3543;3543;3543;3543;3543;3543;3543
3543;0.0;0.0;0.0;3543;3543;3543;3543;3543;3543;3543;3543;3543;3543;3543;3543;3543;3543
80000;10.976224373906962;0.0;0.00013720280467383704;79999;79999;79999;79999;79999;79999;79999;79999;79999;79999;79999;79999;80000;80000
80000;10.431593689251613;0.0;0.00013039492111564517;79999;79999;79999;79999;79999;79999;79999;79999;79999;79999;79999;79999;80000;80000
80000;0.35791167169827476;0.0;4.473895896228435e-06;79999;79999;79999;80000;80000;80000;80000;80000;80000;80000;80000;80000;80000;80000
80000;0.6117811571403593;0.0;7.647264464254491e-06;79999;79999;79999;79999;79999;80000;80000;80000;80000;80000;80000;80000;80000;80000
80000;1.2108148259586002;0.0;1.5135185324482502e-05;79999;79999;79999;79999;79999;79999;80000;80000;80000;80000;80000;80000;80000;80000
837;0.0;0.0;0.0;837;837;837;837;837;837;837;837;837;837;837;837;837;837
649;0.0;0.0;0.0;649;649;649;649;649;649;649;649;649;649;649;649;649;649
80000;10.86317239878892;0.0;0.0001357896549848615;79999;79999;79999;79999;79999;79999;79999;79999;79999;79999;79999;79999;80000;80000
80000;0.0;0.0;0.0;80000;80000;80000;80000;80000;80000;80000;80000;80000;80000;80000;80000;80000;80000
1722;0.0;0.0;0.0;1722;1722;1722;1722;1722;1722;1722;1722;1722;1722;1722;1722;1722;1722
80000;0.0;0.0;0.0;80000;80000;80000;80000;80000;80000;80000;80000;80000;80000;80000;80000;80000;80000
80000;11.542429088693657;0.0;0.00014428036360867073;79999;79999;79999;79999;79999;79999;79999;79999;79999;79999;79999;79999;80000;80000
80000;9.898311299998108;0.0;0.00012372889124997636;79999;79999;79999;79999;79999;79999;79999;79999;79999;79999;79999;80000;80000;80000
80000;10.431593689251613;0.0;0.00013039492111564517;79999;79999;79999;79999;79999;79999;79999;79999;79999;79999;79999;79999;80000;80000
46311;259.5182963651789;0.0;25.307595402769987;36837;36865;36881;36904;36929;37154;37492;37555;37555;37555;37555;37836;38617;38844
80000;10.976224373906962;0.0;0.00013720280467383704;79999;79999;79999;79999;79999;79999;79999;79999;79999;79999;79999;79999;80000;80000
5224;0.0;0.0;0.0;5224;5224;5224;5224;5224;5224;5224;5224;5224;5224;5224;5224;5224;5224
80000;0.0;0.0;0.0;80000;80000;80000;80000;80000;80000;80000;80000;80000;80000;80000;80000;80000;80000
80000;10.431593689251613;0.0;0.00013039492111564517;79999;79999;79999;79999;79999;79999;79999;79999;79999;79999;79999;79999;80000;80000
80000;42791474.40922263;0.0;561.3834293016262;65305;65306;65306;65306;65311;65699;66008;66016;66016;66016;66016;66363;67170;67313
2198;0.0;0.0;0.0;2198;2198;2198;2198;2198;2198;2198;2198;2198;2198;2198;2198;2198;2198
80000;4126.549582912505;0.0;32.21982962140996;62874;62881;62886;62892;62897;62915;62982;62990;63009;63039;63164;63273;63337;63460
80000;9.898311299998108;0.0;0.00012372889124997636;79999;79999;79999;79999;79999;79999;79999;79999;79999;79999;79999;80000;80000;80000
7820;0.0;0.0;0.0;7820;7820;7820;7820;7820;7820;7820;7820;7820;7820;7820;7820;7820;7820
0;;;;0;0;0;0;0;0;0;0;0;0;0;0;0;0
80000;0.5111995629438837;0.0;6.389994536798546e-06;79999;79999;79999;79999;79999;80000;80000;80000;80000;80000;80000;80000;80000;80000
837;0.0;0.0;0.0;837;837;837;837;837;837;837;837;837;837;837;837;837;837
80000;9.347086146266232;0.0;0.0001168385768283279;79999;79999;79999;79999;79999;79999;79999;79999;79999;79999;79999;80000;80000;80000
80000;0.0;0.0;0.0;80000;80000;80000;80000;80000;80000;80000;80000;80000;80000;80000;80000;80000;80000
80000;4126.549582912505;0.0;32.87859695377954;62300;62304;62310;62318;62324;62343;62414;62423;62443;62468;62576;62693;62744;62861
837;0.0;0.0;0.0;837;837;837;837;837;837;837;837;837;837;837;837;837;837
80000;11.503840064895138;0.0;0.00014379800081118922;79999;79999;79999;79999;79999;79999;79999;79999;79999;79999;79999;79999;80000;80000
2632;0.0;0.0;0.0;2632;2632;2632;2632;2632;2632;2632;2632;2632;2632;2632;2632;2632;2632
2632;0.0;0.0;0.0;2632;2632;2632;2632;2632;2632;2632;2632;2632;2632;2632;2632;2632;2632
80000;212.32954263814645;0.0;10.328903561410245;71026;71026;71026;71026;71026;71495;71843;71843;71843;71843;71843;72140;72774;72890
80000;9.898311299998108;0.0;0.00012372889124997636;79999;79999;79999;79999;79999;79999;79999;79999;79999;79999;79999;80000;80000;80000
80000;10.310850196550247;0.0;0.0001288856274568781;79999;79999;79999;79999;79999;79999;79999;79999;79999;79999;79999;79999;80000;80000
80000;10.976224373906962;0.0;0.00013720280467383704;79999;79999;79999;79999;79999;79999;79999;79999;79999;79999;79999;79999;80000;80000
80000;10.976224373906962;0.0;0.00013720280467383704;79999;79999;79999;79999;79999;79999;79999;79999;79999;79999;79999;79999;80000;80000
80000;0.6080611535788735;0.0;7.600764419735918e-06;79999;79999;79999;79999;79999;80000;80000;80000;80000;80000;80000;80000;80000;80000
80000;0.0;0.0;0.0;80000;80000;80000;80000;80000;80000;80000;80000;80000;80000;80000;80000;80000;80000
80000;0.0;0.0;0.0;80000;80000;80000;80000;80000;80000;80000;80000;80000;80000;80000;80000;80000;80000
41063;259.5194783542968;0.0;36.46179692722131;29389;29418;29457;29485;29523;29824;30130;30185;30185;30185;30185;30487;31354;31628
80000;0.0;0.0;0.0;80000;80000;80000;80000;80000;80000;80000;80000;80000;80000;80000;80000;80000;80000
80000;9.898311299998108;0.0;0.00012372889124997636;79999;79999;79999;79999;79999;79999;79999;79999;79999;79999;79999;80000;80000;80000
80000;1.2108148259586002;0.0;1.5135185324482502e-05;79999;79999;79999;79999;79999;79999;80000;80000;80000;80000;80000;80000;80000;80000
40453;259.51770537718863;0.0;36.8638760038107;28713;28748;28789;28815;28853;29176;29485;29535;29535;29535;29535;29844;30759;31028
80000;0.0;0.0;0.0;80000;80000;80000;80000;80000;80000;80000;80000;80000;80000;80000;80000;80000;80000
837;0.0;0.0;0.0;837;837;837;837;837;837;837;837;837;837;837;837;837;837
837;0.0;0.0;0.0;837;837;837;837;837;837;837;837;837;837;837;837;837;837
80000;0.0;0.0;0.0;80000;80000;80000;80000;80000;80000;80000;80000;80000;80000;80000;80000;80000;80000
45800;259.5182963651789;0.0;25.986014435562105;36256;36281;36306;36326;36355;36596;36926;36994;36994;36994;36994;37259;37992;38216
80000;0.0;0.0;0.0;80000;80000;80000;80000;80000;80000;80000;80000;80000;80000;80000;80000;80000;80000
0;;;;0;0;0;0;0;0;0;0;0;0;0;0;0;0
80000;9.347086146266232;0.0;0.0001168385768283279;79999;79999;79999;79999;79999;79999;79999;79999;79999;79999;79999;80000;80000;80000
80000;0.6080611535788735;0.0;7.600764419735918e-06;79999;79999;79999;79999;79999;80000;80000;80000;80000;80000;80000;80000;80000;80000
80000;10.461244595045434;0.0;0.00013076555743806793;79999;79999;79999;79999;79999;79999;79999;79999;79999;79999;79999;79999;80000;80000
2632;0.0;0.0;0.0;2632;2632;2632;2632;2632;2632;2632;2632;2632;2632;2632;2632;2632;2632
80000;5268.393797932244;0.0;49.4200682445424;61245;61249;61288;61337;61376;61535;61545;61571;61580;61618;61948;61961;62170;62474
3543;0.0;0.0;0.0;3543;3543;3543;3543;3543;3543;3543;3543;3543;3543;3543;3543;3543;3543
80000;10.976224373906962;0.0;0.00013720280467383704;79999;79999;79999;79999;79999;79999;79999;79999;79999;79999;79999;79999;80000;80000
80000;0.0;0.0;0.0;80000;80000;80000;80000;80000;80000;80000;80000;80000;80000;80000;80000;80000;80000
80000;0.6080611535788735;0.0;7.600764419735918e-06;79999;79999;79999;79999;79999;80000;80000;80000;80000;80000;80000;80000;80000;80000
80000;9.347086146266232;0.0;0.0001168385768283279;79999;79999;79999;79999;79999;79999;79999;79999;79999;79999;79999;80000;80000;80000
80000;10.431593689251613;0.0;0.00013039492111564517;79999;79999;79999;79999;79999;79999;79999;79999;79999;79999;79999;79999;80000;80000
44500;259.5194783542968;0.0;26.012721513549902;34784;34812;34848;34886;34930;35178;35477;35537;35537;35537;35537;35801;36639;36861
2960;0.0;0.0;0.0;2960;2960;2960;2960;2960;2960;2960;2960;2960;2960;2960;2960;2960;2960
43090;259.5194783542968;0.0;30.93689362573998;32648;32692;32723;32754;32782;33051;33356;33401;33401;33401;33401;33659;34399;34616
80000;0.572110823983514;0.0;7.151385299793925e-06;79999;79999;79999;79999;79999;80000;80000;80000;80000;80000;80000;80000;80000;80000
80000;10.99024837412752;0.0;0.00013737810467659398;79999;79999;79999;79999;79999;79999;79999;79999;79999;79999;79999;79999;80000;80000
42655;259.5194783542968;0.0;31.342680374027278;32020;32043;32074;32101;32127;32443;32720;32782;32782;32782;32782;33094;33888;34126
80000;0.6117811571403593;0.0;7.647264464254491e-06;79999;79999;79999;79999;79999;80000;80000;80000;80000;80000;80000;80000;80000;80000
3543;0.0;0.0;0.0;3543;3543;3543;3543;3543;3543;3543;3543;3543;3543;3543;3543;3543;3543
80000;0.0;0.0;0.0;80000;80000;80000;80000;80000;80000;80000;80000;80000;80000;80000;80000;80000;80000
80000;10.976224373906962;0.0;0.00013720280467383704;79999;79999;79999;79999;79999;79999;79999;79999;79999;79999;79999;79999;80000;80000
6068;0.0;0.0;0.0;6068;6068;6068;6068;6068;6068;6068;6068;6068;6068;6068;6068;6068;6068
80000;0.0;0.0;0.0;80000;80000;80000;80000;80000;80000;80000;80000;80000;80000;80000;80000;80000;80000
80000;0.6117811571403593;0.0;7.647264464254491e-06;79999;79999;79999;79999;79999;80000;80000;80000;80000;80000;80000;80000;80000;80000
80000;10.985711192334069;0.0;0.00013732138990417585;79999;79999;79999;79999;79999;79999;79999;79999;79999;79999;79999;79999;80000;80000
0;;;;0;0;0;0;0;0;0;0;0;0;0;0;0;0
80000;9.347086146266232;0.0;0.0001168385768283279;79999;79999;79999;79999;79999;79999;79999;79999;79999;79999;79999;80000;80000;80000
4366;0.0;0.0;0.0;4366;4366;4366;4366;4366;4366;4366;4366;4366;4366;4366;4366;4366;4366
80000;11.565722808612804;0.0;0.00014457153510766005;79999;79999;79999;79999;79999;79999;79999;79999;79999;79999;79999;79999;80000;80000
80000;10.431593689251613;0.0;0.00013039492111564517;79999;79999;79999;79999;79999;79999;79999;79999;79999;79999;79999;79999;80000;80000
80000;10.976224373906962;0.0;0.00013720280467383704;79999;79999;79999;79999;79999;79999;79999;79999;79999;79999;79999;79999;80000;80000
6952;0.0;0.0;0.0;6952;6952;6952;6952;6952;6952;6952;6952;6952;6952;6952;6952;6952;6952
825;0.0;0.0;0.0;825;825;825;825;825;825;825;825;825;825;825;825;825;825
2632;0.0;0.0;0.0;2632;2632;2632;2632;2632;2632;2632;2632;2632;2632;2632;2632;2632;2632
80000;0.6117811571403593;0.0;7.647264464254491e-06;79999;79999;79999;79999;79999;80000;80000;80000;80000;80000;80000;80000;80000;80000
80000;0.0;0.0;0.0;80000;80000;80000;80000;80000;80000;80000;80000;80000;80000;80000;80000;80000;80000
80000;12.150535536609627;0.0;0.00015188169420762035;79999;79999;79999;79999;79999;79999;79999;79999;79999;79999;79999;79999;79999;80000
80000;100.0;0.0;0.00125;79999;79999;79999;79999;79999;79999;79999;79999;79999;79999;79999;79999;79999;79999
80000;0.0;0.0;0.0;80000;80000;80000;80000;80000;80000;80000;80000;80000;80000;80000;80000;80000;80000
7820;0.0;0.0;0.0;7820;7820;7820;7820;7820;7820;7820;7820;7820;7820;7820;7820;7820;7820
1722;0.0;0.0;0.0;1722;1722;1722;1722;1722;1722;1722;1722;1722;1722;1722;1722;1722;1722
80000;0.6080611535788735;0.0;7.600764419735918e-06;79999;79999;79999;79999;79999;80000;80000;80000;80000;80000;80000;80000;80000;80000
0;;;;0;0;0;0;0;0;0;0;0;0;0;0;0;0
80000;0.6117811571403593;0.0;7.647264464254491e-06;79999;79999;79999;79999;79999;80000;80000;80000;80000;80000;80000;80000;80000;80000
43514;259.5194783542968;0.0;29.519208808221578;33315;33351;33387;33409;33442;33687;34018;34067;34067;34067;34067;34350;35126;35350
43872;259.5194783542968;0.0;28.563265822001785;33810;33841;33874;33894;33925;34166;34492;34548;34548;34548;34548;34839;35619;35861
80000;10.431593689251613;0.0;0.00013039492111564517;79999;79999;79999;79999;79999;79999;79999;79999;79999;79999;79999;79999;80000;80000
1722;0.0;0.0;0.0;1722;1722;1722;1722;1722;1722;1722;1722;1722;1722;1722;1722;1722;1722
837;0.0;0.0;0.0;837;837;837;837;837;837;837;837;837;837;837;837;837;837
46681;259.5182963651789;0.0;25.938040584391917;37115;37136;37159;37169;37192;37476;37758;37815;37815;37815;37815;38044;38812;39034
80000;10.33471701787729;0.0;0.00012918396272346613;79999;79999;79999;79999;79999;79999;79999;79999;79999;79999;79999;79999;80000;80000
4401;0.0;0.0;0.0;4401;4401;4401;4401;4401;4401;4401;4401;4401;4401;4401;4401;4401;4401
80000;0.0;0.0;0.0;80000;80000;80000;80000;80000;80000;80000;80000;80000;80000;80000;80000;80000;80000
80000;100.0;0.0;0.00125;79999;79999;79999;79999;79999;79999;79999;79999;79999;79999;79999;79999;79999;79999
80000;0.0;0.0;0.0;80000;80000;80000;80000;80000;80000;80000;80000;80000;80000;80000;80000;80000;80000
41407;259.5194783542968;0.0;34.61687309091467;29932;29983;30026;30059;30097;30442;30755;30816;30816;30816;30816;31134;32016;32251
80000;10.985711192334069;0.0;0.00013732138990417585;79999;79999;79999;79999;79999;79999;79999;79999;79999;79999;79999;79999;80000;80000
3543;0.0;0.0;0.0;3543;3543;3543;3543;3543;3543;3543;3543;3543;3543;3543;3543;3543;3543
0;;;;0;0;0;0;0;0;0;0;0;0;0;0;0;0
80000;11.646510325371057;0.0;0.0001455813790671382;79999;79999;79999;79999;79999;79999;79999;79999;79999;79999;79999;79999;80000;80000
41106;259.5194783542968;0.0;36.17046082591375;29383;29421;29459;29483;29518;29827;30111;30161;30161;30161;30161;30478;31394;31652
3543;0.0;0.0;0.0;3543;3543;3543;3543;3543;3543;3543;3543;3543;3543;3543;3543;3543;3543
80000;13.04958873306113;0.0;0.00016311985916326411;79999;79999;79999;79999;79999;79999;79999;79999;79999;79999;79999;79999;79999;80000
80000;0.0;0.0;0.0;80000;80000;80000;80000;80000;80000;80000;80000;80000;80000;80000;80000;80000;80000
80000;10.431593689251613;0.0;0.00013039492111564517;79999;79999;79999;79999;79999;79999;79999;79999;79999;79999;79999;79999;80000;80000
80000;0.20685087487478962;0.0;2.58563593593487e-06;79999;79999;80000;80000;80000;80000;80000;80000;80000;80000;80000;80000;80000;80000
40406;259.5188873575483;0.0;36.9802185393823;28741;28775;28814;28852;28878;29194;29536;29588;29588;29588;29588;29901;30783;31034
43098;259.5194783542968;0.0;30.394138834012026;32609;32645;32691;32709;32742;33012;33329;33384;33384;33384;33384;33684;34481;34742
80000;0.0;0.0;0.0;80000;80000;80000;80000;80000;80000;80000;80000;80000;80000;80000;80000;80000;80000
2632;0.0;0.0;0.0;2632;2632;2632;2632;2632;2632;2632;2632;2632;2632;2632;2632;2632;2632
41894;259.5188873575483;0.0;32.95122087139099;30784;30825;30856;30896;30930;31263;31570;31617;31617;31617;31617;31920;32755;32984
80000;9.347086146266232;0.0;0.0001168385768283279;79999;79999;79999;79999;79999;79999;79999;79999;79999;79999;79999;80000;80000;80000
837;0.0;0.0;0.0;837;837;837;837;837;837;837;837;837;837;837;837;837;837
3543;0.0;0.0;0.0;3543;3543;3543;3543;3543;3543;3543;3543;3543;3543;3543;3543;3543;3543
41060;259.5182963651789;0.0;36.03858222111275;29307;29359;29394;29419;29456;29783;30081;30131;30131;30131;30131;30443;31354;31613
80000;0.6080611535788735;0.0;7.600764419735918e-06;79999;79999;79999;79999;79999;80000;80000;80000;80000;80000;80000;80000;80000;80000
262;0.0;0.0;0.0;262;262;262;262;262;262;262;262;262;262;262;262;262;262
837;0.0;0.0;0.0;837;837;837;837;837;837;837;837;837;837;837;837;837;837
80000;10.985711192334069;0.0;0.00013732138990417585;79999;79999;79999;79999;79999;79999;79999;79999;79999;79999;79999;79999;80000;80000
80000;0.0;0.0;0.0;80000;80000;80000;80000;80000;80000;80000;80000;80000;80000;80000;80000;80000;80000
80000;0.6080611535788735;0.0;7.600764419735918e-06;79999;79999;79999;79999;79999;80000;80000;80000;80000;80000;80000;80000;80000;80000
80000;0.0;0.0;0.0;80000;80000;80000;80000;80000;80000;80000;80000;80000;80000;80000;80000;80000;80000
40390;259.5194783542968;0.0;36.40537541797197;28715;28754;28789;28830;28863;29203;29542;29599;29599;29599;29599;29897;30750;31020
80000;0.0;0.0;0.0;80000;80000;80000;80000;80000;80000;80000;80000;80000;80000;80000;80000;80000;80000
80000;100.0;0.0;0.00125;79999;79999;79999;79999;79999;79999;79999;79999;79999;79999;79999;79999;79999;79999
80000;0.6080611535788735;0.0;7.600764419735918e-06;79999;79999;79999;79999;79999;80000;80000;80000;80000;80000;80000;80000;80000;80000
80000;2147.687408644811;0.0;21.32182004479831;63785;63785;63786;63793;63802;63957;64292;64462;64668;64765;64991;65380;65704;65851
80000;0.0;0.0;0.0;80000;80000;80000;80000;80000;80000;80000;80000;80000;80000;80000;80000;80000;80000
80000;0.0;0.0;0.0;80000;80000;80000;80000;80000;80000;80000;80000;80000;80000;80000;80000;80000;80000
80000;9.347086146266232;0.0;0.0001168385768283279;79999;79999;79999;79999;79999;79999;79999;79999;79999;79999;79999;80000;80000;80000
2559;0.0;0.0;0.0;2559;2559;2559;2559;2559;2559;2559;2559;2559;2559;2559;2559;2559;2559
80000;0.6080611535788735;0.0;7.600764419735918e-06;79999;79999;79999;79999;79999;80000;80000;80000;80000;80000;80000;80000;80000;80000
8680;0.0;0.0;0.0;8680;8680;8680;8680;8680;8680;8680;8680;8680;8680;8680;8680;8680;8680
45114;259.5188873575483;0.0;25.726573065983814;35669;35701;35721;35736;35762;35980;36281;36340;36340;36340;36340;36635;37381;37587
80000;0.0;0.0;0.0;80000;80000;80000;80000;80000;80000;80000;80000;80000;80000;80000;80000;80000;80000
80000;10.431593689251613;0.0;0.00013039492111564517;79999;79999;79999;79999;79999;79999;79999;79999;79999;79999;79999;79999;80000;80000
80000;0.0;0.0;0.0;80000;80000;80000;80000;80000;80000;80000;80000;80000;80000;80000;80000;80000;80000
80000;0.0;0.0;0.0;80000;80000;80000;80000;80000;80000;80000;80000;80000;80000;80000;80000;80000;80000
3997;0.0;0.0;0.0;3997;3997;3997;3997;3997;3997;3997;3997;3997;3997;3997;3997;3997;3997
80000;0.0;0.0;0.0;80000;80000;80000;80000;80000;80000;80000;80000;80000;80000;80000;80000;80000;80000
80000;0.0;0.0;0.0;80000;80000;80000;80000;80000;80000;80000;80000;80000;80000;80000;80000;80000;80000
80000;9.898311299998108;0.0;0.00012372889124997636;79999;79999;79999;79999;79999;79999;79999;79999;79999;79999;79999;80000;80000;80000
80000;9.347086146266232;0.0;0.0001168385768283279;79999;79999;79999;79999;79999;79999;79999;79999;79999;79999;79999;80000;80000;80000
5224;0.0;0.0;0.0;5224;5224;5224;5224;5224;5224;5224;5224;5224;5224;5224;5224;5224;5224
80000;9.347086146266232;0.0;0.0001168385768283279;79999;79999;79999;79999;79999;79999;79999;79999;79999;79999;79999;80000;80000;80000
80000;9.347086146266232;0.0;0.0001168385768283279;79999;79999;79999;79999;79999;79999;79999;79999;79999;79999;79999;80000;80000;80000
80000;43279393.708046585;0.0;540.9924213505823;79999;79999;79999;79999;79999;79999;79999;79999;79999;79999;79999;79999;79999;79999
80000;9.898311299998108;0.0;0.00012372889124997636;79999;79999;79999;79999;79999;79999;79999;79999;79999;79999;79999;80000;80000;80000
206;0.0;0.0;0.0;206;206;206;206;206;206;206;206;206;206;206;206;206;206
80000;0.0;0.0;0.0;80000;80000;80000;80000;80000;80000;80000;80000;80000;80000;80000;80000;80000;80000
80000;0.6080611535788735;0.0;7.600764419735918e-06;79999;79999;79999;79999;79999;80000;80000;80000;80000;80000;80000;80000;80000;80000
80000;0.6117811571403593;0.0;7.647264464254491e-06;79999;79999;79999;79999;79999;80000;80000;80000;80000;80000;80000;80000;80000;80000
80000;9.347086146266232;0.0;0.0001168385768283279;79999;79999;79999;79999;79999;79999;79999;79999;79999;79999;79999;80000;80000;80000
80000;10.976224373906962;0.0;0.00013720280467383704;79999;79999;79999;79999;79999;79999;79999;79999;79999;79999;79999;79999;80000;80000
42905;259.5194783542968;0.0;29.982799107946764;32340;32381;32407;32441;32467;32758;33071;33129;33129;33129;33129;33429;34270;34529
40473;259.5182963651789;0.0;36.312836249910625;28842;28875;28909;28938;28974;29283;29598;29657;29657;29657;29657;29982;30896;31161
80000;0.0;0.0;0.0;80000;80000;80000;80000;80000;80000;80000;80000;80000;80000;80000;80000;80000;80000
80000;0.0;0.0;0.0;80000;80000;80000;80000;80000;80000;80000;80000;80000;80000;80000;80000;80000;80000
1722;0.0;0.0;0.0;1722;1722;1722;1722;1722;1722;1722;1722;1722;1722;1722;1722;1722;1722
46384;259.5194783542968;0.0;25.09325835419694;36934;36957;36990;37017;37042;37272;37601;37664;37664;37664;37664;37909;38712;38915
2713;0.0;0.0;0.0;2713;2713;2713;2713;2713;2713;2713;2713;2713;2713;2713;2713;2713;2713
6952;0.0;0.0;0.0;6952;6952;6952;6952;6952;6952;6952;6952;6952;6952;6952;6952;6952;6952
10393;0.0;0.0;0.0;10393;10393;10393;10393;10393;10393;10393;10393;10393;10393;10393;10393;10393;10393
0;;;;0;0;0;0;0;0;0;0;0;0;0;0;0;0
837;0.0;0.0;0.0;837;837;837;837;837;837;837;837;837;837;837;837;837;837
837;0.0;0.0;0.0;837;837;837;837;837;837;837;837;837;837;837;837;837;837
80000;9.825590872045643;0.0;0.00012281988590057054;79999;79999;79999;79999;79999;79999;79999;79999;79999;79999;79999;80000;80000;80000
80000;259.5188873575483;0.0;18.747882725579547;69122;69137;69156;69169;69186;69210;69227;69241;69241;69241;69241;69265;69359;69415
80000;0.0;0.0;0.0;80000;80000;80000;80000;80000;80000;80000;80000;80000;80000;80000;80000;80000;80000
80000;10.310850196550247;0.0;0.0001288856274568781;79999;79999;79999;79999;79999;79999;79999;79999;79999;79999;79999;79999;80000;80000
47894;259.5182963651789;0.0;23.4770661419454;38507;38540;38567;38585;38606;38917;39179;39228;39228;39228;39228;39471;40340;40535
80000;10.976224373906962;0.0;0.00013720280467383704;79999;79999;79999;79999;79999;79999;79999;79999;79999;79999;79999;79999;80000;80000
80000;9.898311299998108;0.0;0.00012372889124997636;79999;79999;79999;79999;79999;79999;79999;79999;79999;79999;79999;80000;80000;80000
80000;0.0;0.0;0.0;80000;80000;80000;80000;80000;80000;80000;80000;80000;80000;80000;80000;80000;80000
80000;0.0;0.0;0.0;80000;80000;80000;80000;80000;80000;80000;80000;80000;80000;80000;80000;80000;80000
80000;0.0;0.0;0.0;80000;80000;80000;80000;80000;80000;80000;80000;80000;80000;80000;80000;80000;80000
80000;0.6080611535788735;0.0;7.600764419735918e-06;79999;79999;79999;79999;79999;80000;80000;80000;80000;80000;80000;80000;80000;80000
80000;100.0;0.0;0.00125;79999;79999;79999;79999;79999;79999;79999;79999;79999;79999;79999;79999;79999;79999
80000;0.0;0.0;0.0;80000;80000;80000;80000;80000;80000;80000;80000;80000;80000;80000;80000;80000;80000
0;;;;0;0;0;0;0;0;0;0;0;0;0;0;0;0
80000;0.30125806812401296;0.0;3.765725851550162e-06;79999;79999;79999;80000;80000;80000;80000;80000;80000;80000;80000;80000;80000;80000
837;0.0;0.0;0.0;837;837;837;837;837;837;837;837;837;837;837;837;837;837
80000;0.0;0.0;0.0;80000;80000;80000;80000;80000;80000;80000;80000;80000;80000;80000;80000;80000;80000
80000;0.0;0.0;0.0;80000;80000;80000;80000;80000;80000;80000;80000;80000;80000;80000;80000;80000;80000
80000;22.15929248390857;0.0;0.00027699115604885714;79999;79999;79999;79999;79999;79999;79999;79999;79999;79999;79999;79999;79999;79999
80000;0.0;0.0;0.0;80000;80000;80000;80000;80000;80000;80000;80000;80000;80000;80000;80000;80000;80000
80000;10.431593689251613;0.0;0.00013039492111564517;79999;79999;79999;79999;79999;79999;79999;79999;79999;79999;79999;79999;80000;80000
80000;100.0;0.0;0.00125;79999;79999;79999;79999;79999;79999;79999;79999;79999;79999;79999;79999;79999;79999
80000;0.0;0.0;0.0;80000;80000;80000;80000;80000;80000;80000;80000;80000;80000;80000;80000;80000;80000
80000;0.0;0.0;0.0;80000;80000;80000;80000;80000;80000;80000;80000;80000;80000;80000;80000;80000;80000
80000;0.0;0.0;0.0;80000;80000;80000;80000;80000;80000;80000;80000;80000;80000;80000;80000;80000;80000
10393;0.0;0.0;0.0;10393;10393;10393;10393;10393;10393;10393;10393;10393;10393;10393;10393;10393;10393
80000;9.347086146266232;0.0;0.0001168385768283279;79999;79999;79999;79999;79999;79999;79999;79999;79999;79999;79999;80000;80000;80000
80000;10.976224373906962;0.0;0.00013720280467383704;79999;79999;79999;79999;79999;79999;79999;79999;79999;79999;79999;79999;80000;80000
80000;0.0;0.0;0.0;80000;80000;80000;80000;80000;80000;80000;80000;80000;80000;80000;80000;80000;80000
80000;1.359152356594808;0.0;1.69894044574351e-05;79999;79999;79999;79999;79999;79999;80000;80000;80000;80000;80000;80000;80000;80000
40126;259.5194783542968;0.0;37.05140453782593;28311;28359;28389;28422;28475;28838;29150;29199;29199;29199;29199;29504;30431;30687
80000;10.985711192334069;0.0;0.00013732138990417585;79999;79999;79999;79999;79999;79999;79999;79999;79999;79999;79999;79999;80000;80000
80000;0.6117811571403593;0.0;7.647264464254491e-06;79999;79999;79999;79999;79999;80000;80000;80000;80000;80000;80000;80000;80000;80000
63546;259.5194783542968;0.0;16.20429616969542;53877;53908;53940;53958;53991;54440;54696;54751;54751;54751;54751;55020;56113;56406
80000;100.0;0.0;0.00125;79999;79999;79999;79999;79999;79999;79999;79999;79999;79999;79999;79999;79999;79999
80000;0.6117811571403593;0.0;7.647264464254491e-06;79999;79999;79999;79999;79999;80000;80000;80000;80000;80000;80000;80000;80000;80000
7554;0.0;0.0;0.0;7554;7554;7554;7554;7554;7554;7554;7554;7554;7554;7554;7554;7554;7554
0;;;;0;0;0;0;0;0;0;0;0;0;0;0;0;0
80000;0.0;0.0;0.0;80000;80000;80000;80000;80000;80000;80000;80000;80000;80000;80000;80000;80000;80000
80000;0.0;0.0;0.0;80000;80000;80000;80000;80000;80000;80000;80000;80000;80000;80000;80000;80000;80000
80000;0.0;0.0;0.0;80000;80000;80000;80000;80000;80000;80000;80000;80000;80000;80000;80000;80000;80000
43699;259.5194783542968;0.0;29.316041561486937;33469;33507;33532;33568;33586;33859;34173;34240;34240;34240;34240;34523;35284;35521
3852;0.0;0.0;0.0;3852;3852;3852;3852;3852;3852;3852;3852;3852;3852;3852;3852;3852;3852
80000;0.0;0.0;0.0;80000;80000;80000;80000;80000;80000;80000;80000;80000;80000;80000;80000;80000;80000
80000;0.6117811571403593;0.0;7.647264464254491e-06;79999;79999;79999;79999;79999;80000;80000;80000;80000;80000;80000;80000;80000;80000
80000;11.429665141544685;0.0;0.00014287081426930858;79999;79999;79999;79999;79999;79999;79999;79999;79999;79999;79999;79999;80000;80000
42092;259.5188873575483;0.0;33.84983747196193;30994;31042;31079;31112;31148;31442;31732;31790;31790;31790;31790;32100;32921;33157
771;0.0;0.0;0.0;771;771;771;771;771;771;771;771;771;771;771;771;771;771
80000;4126.549582912505;0.0;33.292756037689834;61834;61842;61847;61854;61859;61881;61955;61969;61983;62009;62125;62245;62308;62425
80000;13.850462719411972;0.0;0.00017313078399264965;79999;79999;79999;79999;79999;79999;79999;79999;79999;79999;79999;79999;79999;80000
0;;;;0;0;0;0;0;0;0;0;0;0;0;0;0;0
41981;259.5141595412042;0.0;33.35468546006677;30904;30951;30980;31004;31037;31353;31651;31700;31700;31700;31700;31999;32837;33066
80000;10.976224373906962;0.0;0.00013720280467383704;79999;79999;79999;79999;79999;79999;79999;79999;79999;79999;79999;79999;80000;80000
11261;0.0;0.0;0.0;11261;11261;11261;11261;11261;11261;11261;11261;11261;11261;11261;11261;11261;11261
80000;0.0;0.0;0.0;80000;80000;80000;80000;80000;80000;80000;80000;80000;80000;80000;80000;80000;80000
2632;0.0;0.0;0.0;2632;2632;2632;2632;2632;2632;2632;2632;2632;2632;2632;2632;2632;2632
14824;0.0;0.0;0.0;14824;14824;14824;14824;14824;14824;14824;14824;14824;14824;14824;14824;14824;14824
80000;1.1963294911128903;0.0;1.4954118638911129e-05;79999;79999;79999;79999;79999;79999;80000;80000;80000;80000;80000;80000;80000;80000
837;0.0;0.0;0.0;837;837;837;837;837;837;837;837;837;837;837;837;837;837
80000;0.0;0.0;0.0;80000;80000;80000;80000;80000;80000;80000;80000;80000;80000;80000;80000;80000;80000
80000;0.0;0.0;0.0;80000;80000;80000;80000;80000;80000;80000;80000;80000;80000;80000;80000;80000;80000
40300;259.5194783542968;0.0;37.013471738877655;28591;28625;28661;28695;28739;29075;29382;29426;29426;29426;29426;29750;30622;30878
80000;11.441412566833238;0.0;0.00014301765708541546;79999;79999;79999;79999;79999;79999;79999;79999;79999;79999;79999;79999;80000;80000
80000;10.310850196550247;0.0;0.0001288856274568781;79999;79999;79999;79999;79999;79999;79999;79999;79999;79999;79999;79999;80000;80000
80000;0.0;0.0;0.0;80000;80000;80000;80000;80000;80000;80000;80000;80000;80000;80000;80000;80000;80000
80000;9.898311299998108;0.0;0.00012372889124997636;79999;79999;79999;79999;79999;79999;79999;79999;79999;79999;79999;80000;80000;80000
0;;;;0;0;0;0;0;0;0;0;0;0;0;0;0;0
80000;100.0;0.0;0.00125;79999;79999;79999;79999;79999;79999;79999;79999;79999;79999;79999;79999;79999;79999
837;0.0;0.0;0.0;837;837;837;837;837;837;837;837;837;837;837;837;837;837
80000;1.2108148259586002;0.0;1.5135185324482502e-05;79999;79999;79999;79999;79999;79999;80000;80000;80000;80000;80000;80000;80000;80000
80000;22.839059094987828;0.0;0.00028548823868734786;79999;79999;79999;79999;79999;79999;79999;79999;79999;79999;79999;79999;79999;79999
0;;;;0;0;0;0;0;0;0;0;0;0;0;0;0;0
176;0.0;0.0;0.0;176;176;176;176;176;176;176;176;176;176;176;176;176;176
80000;0.0;0.0;0.0;80000;80000;80000;80000;80000;80000;80000;80000;80000;80000;80000;80000;80000;80000
80000;0.0;0.0;0.0;80000;80000;80000;80000;80000;80000;80000;80000;80000;80000;80000;80000;80000;80000
40823;259.5188873575483;0.0;37.430661727909424;29022;29057;29100;29129;29160;29531;29813;29870;29870;29870;29870;30173;31044;31284
80000;0.0;0.0;0.0;80000;80000;80000;80000;80000;80000;80000;80000;80000;80000;80000;80000;80000;80000
80000;0.0;0.0;0.0;80000;80000;80000;80000;80000;80000;80000;80000;80000;80000;80000;80000;80000;80000
80000;0.0;0.0;0.0;80000;80000;80000;80000;80000;80000;80000;80000;80000;80000;80000;80000;80000;80000
80000;9.347086146266232;0.0;0.0001168385768283279;79999;79999;79999;79999;79999;79999;79999;79999;79999;79999;79999;80000;80000;80000
0;;;;0;0;0;0;0;0;0;0;0;0;0;0;0;0
80000;10.83198300581094;0.0;0.00013539978757263674;79999;79999;79999;79999;79999;79999;79999;79999;79999;79999;79999;79999;80000;80000
837;0.0;0.0;0.0;837;837;837;837;837;837;837;837;837;837;837;837;837;837
80000;0.01799096526435435;0.0;2.2488706580442935e-07;80000;80000;80000;80000;80000;80000;80000;80000;80000;80000;80000;80000;80000;80000
80000;10.985711192334069;0.0;0.00013732138990417585;79999;79999;79999;79999;79999;79999;79999;79999;79999;79999;79999;79999;80000;80000
42074;259.5194783542968;0.0;33.64012969888895;30910;30963;30998;31023;31049;31370;31674;31726;31726;31726;31726;32037;32900;33121
0;;;;0;0;0;0;0;0;0;0;0;0;0;0;0;0
40218;259.51593243949156;0.0;36.88707826719898;28541;28576;28605;28637;28658;28976;29277;29325;29325;29325;29325;29689;30602;30838
80000;0.0;0.0;0.0;80000;80000;80000;80000;80000;80000;80000;80000;80000;80000;80000;80000;80000;80000
80000;0.6117811571403593;0.0;7.647264464254491e-06;79999;79999;79999;79999;79999;80000;80000;80000;80000;80000;80000;80000;80000;80000
80000;1.7171172410298492;0.0;2.1463965512873114e-05;79999;79999;79999;79999;79999;79999;80000;80000;80000;80000;80000;80000;80000;80000
2632;0.0;0.0;0.0;2632;2632;2632;2632;2632;2632;2632;2632;2632;2632;2632;2632;2632;2632
80000;0.0;0.0;0.0;80000;80000;80000;80000;80000;80000;80000;80000;80000;80000;80000;80000;80000;80000
80000;44.46640450430258;0.0;0.0005558300563037823;79999;79999;79999;79999;79999;79999;79999;79999;79999;79999;79999;79999;79999;79999
1722;0.0;0.0;0.0;1722;1722;1722;1722;1722;1722;1722;1722;1722;1722;1722;1722;1722;1722
80000;0.0;0.0;0.0;80000;80000;80000;80000;80000;80000;80000;80000;80000;80000;80000;80000;80000;80000
80000;0.0;0.0;0.0;80000;80000;80000;80000;80000;80000;80000;80000;80000;80000;80000;80000;80000;80000
837;0.0;0.0;0.0;837;837;837;837;837;837;837;837;837;837;837;837;837;837
9578;0.0;0.0;0.0;9578;9578;9578;9578;9578;9578;9578;9578;9578;9578;9578;9578;9578;9578
80000;0.0;0.0;0.0;80000;80000;80000;80000;80000;80000;80000;80000;80000;80000;80000;80000;80000;80000
80000;0.0;0.0;0.0;80000;80000;80000;80000;80000;80000;80000;80000;80000;80000;80000;80000;80000;80000
6952;0.0;0.0;0.0;6952;6952;6952;6952;6952;6952;6952;6952;6952;6952;6952;6952;6952;6952
43198;259.5188873575483;0.0;30.36391257320777;32790;32828;32863;32895;32924;33189;33491;33539;33539;33539;33539;33802;34591;34818
837;0.0;0.0;0.0;837;837;837;837;837;837;837;837;837;837;837;837;837;837
80000;0.0;0.0;0.0;80000;80000;80000;80000;80000;80000;80000;80000;80000;80000;80000;80000;80000;80000
80000;10.60510729903854;0.0;0.00013256384123798174;79999;79999;79999;79999;79999;79999;79999;79999;79999;79999;79999;79999;80000;80000
80000;0.0;0.0;0.0;80000;80000;80000;80000;80000;80000;80000;80000;80000;80000;80000;80000;80000;80000
80000;10.310850196550247;0.0;0.0001288856274568781;79999;79999;79999;79999;79999;79999;79999;79999;79999;79999;79999;79999;80000;80000
80000;0.0;0.0;0.0;80000;80000;80000;80000;80000;80000;80000;80000;80000;80000;80000;80000;80000;80000
10393;0.0;0.0;0.0;10393;10393;10393;10393;10393;10393;10393;10393;10393;10393;10393;10393;10393;10393
45950;259.5194783542968;0.0;25.284994163188397;36484;36505;36536;36553;36570;36791;37076;37147;37147;37147;37147;37417;38217;38467
80000;0.0;0.0;0.0;80000;80000;80000;80000;80000;80000;80000;80000;80000;80000;80000;80000;80000;80000
80000;10.976224373906962;0.0;0.00013720280467383704;79999;79999;79999;79999;79999;79999;79999;79999;79999;79999;79999;79999;80000;80000
80000;0.42306951380346763;0.0;5.288368922543345e-06;79999;79999;79999;79999;80000;80000;80000;80000;80000;80000;80000;80000;80000;80000
8680;0.0;0.0;0.0;8680;8680;8680;8680;8680;8680;8680;8680;8680;8680;8680;8680;8680;8680
80000;0.0;0.0;0.0;80000;80000;80000;80000;80000;80000;80000;80000;80000;80000;80000;80000;80000;80000
20566;0.0;0.0;0.0;20566;20566;20566;20566;20566;20566;20566;20566;20566;20566;20566;20566;20566;20566
80000;11.837006273489015;0.0;0.0001479625784186127;79999;79999;79999;79999;79999;79999;79999;79999;79999;79999;79999;79999;80000;80000
80000;13.189278851316077;0.0;0.00016486598564145096;79999;79999;79999;79999;79999;79999;79999;79999;79999;79999;79999;79999;79999;80000
80000;1.1963294911128903;0.0;1.4954118638911129e-05;79999;79999;79999;79999;79999;79999;80000;80000;80000;80000;80000;80000;80000;80000
80000;9.347086146266232;0.0;0.0001168385768283279;79999;79999;79999;79999;79999;79999;79999;79999;79999;79999;79999;80000;80000;80000
1722;0.0;0.0;0.0;1722;1722;1722;1722;1722;1722;1722;1722;1722;1722;1722;1722;1722;1722
80000;0.0;0.0;0.0;80000;80000;80000;80000;80000;80000;80000;80000;80000;80000;80000;80000;80000;80000
2628;0.0;0.0;0.0;2628;2628;2628;2628;2628;2628;2628;2628;2628;2628;2628;2628;2628;2628
1722;0.0;0.0;0.0;1722;1722;1722;1722;1722;1722;1722;1722;1722;1722;1722;1722;1722;1722
46034;259.5194783542968;0.0;25.485760513544825;36505;36544;36567;36592;36615;36879;37202;37247;37247;37247;37247;37503;38278;38503
80000;0.6117811571403593;0.0;7.647264464254491e-06;79999;79999;79999;79999;79999;80000;80000;80000;80000;80000;80000;80000;80000;80000
80000;0.0;0.0;0.0;80000;80000;80000;80000;80000;80000;80000;80000;80000;80000;80000;80000;80000;80000
2785;0.0;0.0;0.0;2785;2785;2785;2785;2785;2785;2785;2785;2785;2785;2785;2785;2785;2785
80000;0.0;0.0;0.0;80000;80000;80000;80000;80000;80000;80000;80000;80000;80000;80000;80000;80000;80000
80000;0.0;0.0;0.0;80000;80000;80000;80000;80000;80000;80000;80000;80000;80000;80000;80000;80000;80000
80000;0.0;0.0;0.0;80000;80000;80000;80000;80000;80000;80000;80000;80000;80000;80000;80000;80000;80000
80000;0.0;0.0;0.0;80000;80000;80000;80000;80000;80000;80000;80000;80000;80000;80000;80000;80000;80000
80000;9.347086146266232;0.0;0.0001168385768283279;79999;79999;79999;79999;79999;79999;79999;79999;79999;79999;79999;80000;80000;80000
80000;0.0;0.0;0.0;80000;80000;80000;80000;80000;80000;80000;80000;80000;80000;80000;80000;80000;80000
80000;10.431593689251613;0.0;0.00013039492111564517;79999;79999;79999;79999;79999;79999;79999;79999;79999;79999;79999;79999;80000;80000
41947;259.5194783542968;0.0;33.06012731125717;30940;30987;31024;31049;31071;31396;31693;31758;31758;31758;31758;32075;32861;33071
1722;0.0;0.0;0.0;1722;1722;1722;1722;1722;1722;1722;1722;1722;1722;1722;1722;1722;1722
837;0.0;0.0;0.0;837;837;837;837;837;837;837;837;837;837;837;837;837;837
80000;0.0;0.0;0.0;80000;80000;80000;80000;80000;80000;80000;80000;80000;80000;80000;80000;80000;80000
1722;0.0;0.0;0.0;1722;1722;1722;1722;1722;1722;1722;1722;1722;1722;1722;1722;1722;1722
80000;10.976224373906962;0.0;0.00013720280467383704;79999;79999;79999;79999;79999;79999;79999;79999;79999;79999;79999;79999;80000;80000
45942;259.5188873575483;0.0;25.629408842721563;36459;36493;36524;36544;36567;36784;37119;37168;37168;37168;37168;37447;38208;38424
1722;0.0;0.0;0.0;1722;1722;1722;1722;1722;1722;1722;1722;1722;1722;1722;1722;1722;1722
80000;11.3679259169608;0.0;0.00014209907396201002;79999;79999;79999;79999;79999;79999;79999;79999;79999;79999;79999;79999;80000;80000
80000;4543.376755767607;0.0;12.381187386533837;71889;71895;71900;71901;71903;72111;72349;72357;72370;72375;72557;72757;73264;73498
80000;0.6117811571403593;0.0;7.647264464254491e-06;79999;79999;79999;79999;79999;80000;80000;80000;80000;80000;80000;80000;80000;80000
80000;0.0;0.0;0.0;80000;80000;80000;80000;80000;80000;80000;80000;80000;80000;80000;80000;80000;80000
80000;0.6117811571403593;0.0;7.647264464254491e-06;79999;79999;79999;79999;79999;80000;80000;80000;80000;80000;80000;80000;80000;80000
87;0.0;0.0;0.0;87;87;87;87;87;87;87;87;87;87;87;87;87;87
80000;116.07399654652555;0.0;0.0014509249568315694;79999;79999;79999;79999;79999;79999;79999;79999;79999;79999;79999;79999;79999;79999
1722;0.0;0.0;0.0;1722;1722;1722;1722;1722;1722;1722;1722;1722;1722;1722;1722;1722;1722
44126;259.5194783542968;0.0;28.458941507496746;34077;34121;34162;34183;34218;34448;34746;34801;34801;34801;34801;35066;35784;35997
80000;13.169271083936012;0.0;0.00016461588854920016;79999;79999;79999;79999;79999;79999;79999;79999;79999;79999;79999;79999;79999;80000
80000;11.646510325371057;0.0;0.0001455813790671382;79999;79999;79999;79999;79999;79999;79999;79999;79999;79999;79999;79999;80000;80000
10393;0.0;0.0;0.0;10393;10393;10393;10393;10393;10393;10393;10393;10393;10393;10393;10393;10393;10393
80000;11.21873120974811;0.0;0.0001402341401218514;79999;79999;79999;79999;79999;79999;79999;79999;79999;79999;79999;79999;80000;80000
1750;0.0;0.0;0.0;1750;1750;1750;1750;1750;1750;1750;1750;1750;1750;1750;1750;1750;1750
0;;;;0;0;0;0;0;0;0;0;0;0;0;0;0;0
80000;0.15502007770544549;0.0;1.9377509713180685e-06;79999;80000;80000;80000;80000;80000;80000;80000;80000;80000;80000;80000;80000;80000
80000;11.266831726885297;0.0;0.0001408353965860662;79999;79999;79999;79999;79999;79999;79999;79999;79999;79999;79999;79999;80000;80000
837;0.0;0.0;0.0;837;837;837;837;837;837;837;837;837;837;837;837;837;837
5224;0.0;0.0;0.0;5224;5224;5224;5224;5224;5224;5224;5224;5224;5224;5224;5224;5224;5224
43428;259.51711439357734;0.0;29.689414147120115;33186;33219;33243;33268;33293;33572;33893;33956;33956;33956;33956;34239;34980;35231
80000;0.0;0.0;0.0;80000;80000;80000;80000;80000;80000;80000;80000;80000;80000;80000;80000;80000;80000
80000;0.0;0.0;0.0;80000;80000;80000;80000;80000;80000;80000;80000;80000;80000;80000;80000;80000;80000
80000;0.0;0.0;0.0;80000;80000;80000;80000;80000;80000;80000;80000;80000;80000;80000;80000;80000;80000
80000;0.0;0.0;0.0;80000;80000;80000;80000;80000;80000;80000;80000;80000;80000;80000;80000;80000;80000
80000;0.6080611535788735;0.0;7.600764419735918e-06;79999;79999;79999;79999;79999;80000;80000;80000;80000;80000;80000;80000;80000;80000
4401;0.0;0.0;0.0;4401;4401;4401;4401;4401;4401;4401;4401;4401;4401;4401;4401;4401;4401
2632;0.0;0.0;0.0;2632;2632;2632;2632;2632;2632;2632;2632;2632;2632;2632;2632;2632;2632
4081;0.0;0.0;0.0;4081;4081;4081;4081;4081;4081;4081;4081;4081;4081;4081;4081;4081;4081
80000;10.310850196550247;0.0;0.0001288856274568781;79999;79999;79999;79999;79999;79999;79999;79999;79999;79999;79999;79999;80000;80000
80000;10.310850196550247;0.0;0.0001288856274568781;79999;79999;79999;79999;79999;79999;79999;79999;79999;79999;79999;79999;80000;80000
2632;0.0;0.0;0.0;2632;2632;2632;2632;2632;2632;2632;2632;2632;2632;2632;2632;2632;2632
80000;10.310850196550247;0.0;0.0001288856274568781;79999;79999;79999;79999;79999;79999;79999;79999;79999;79999;79999;79999;80000;80000
837;0.0;0.0;0.0;837;837;837;837;837;837;837;837;837;837;837;837;837;837
80000;0.6117811571403593;0.0;7.647264464254491e-06;79999;79999;79999;79999;79999;80000;80000;80000;80000;80000;80000;80000;80000;80000
80000;0.0;0.0;0.0;80000;80000;80000;80000;80000;80000;80000;80000;80000;80000;80000;80000;80000;80000
43379;259.5188873575483;0.0;30.06057753518034;33020;33048;33080;33109;33140;33419;33756;33799;33799;33799;33799;34099;34865;35092
3543;0.0;0.0;0.0;3543;3543;3543;3543;3543;3543;3543;3543;3543;3543;3543;3543;3543;3543
80000;0.0;0.0;0.0;80000;80000;80000;80000;80000;80000;80000;80000;80000;80000;80000;80000;80000;80000
3802;0.0;0.0;0.0;3802;3802;3802;3802;3802;3802;3802;3802;3802;3802;3802;3802;3802;3802
80000;9.347086146266232;0.0;0.0001168385768283279;79999;79999;79999;79999;79999;79999;79999;79999;79999;79999;79999;80000;80000;80000
80000;242.65496284294903;0.0;0.1200992831018834;79866;79874;79877;79879;79881;79892;79910;79910;79910;79910;79910;79914;79923;79928
80000;0.6117811571403593;0.0;7.647264464254491e-06;79999;79999;79999;79999;79999;80000;80000;80000;80000;80000;80000;80000;80000;80000
80000;9.347086146266232;0.0;0.0001168385768283279;79999;79999;79999;79999;79999;79999;79999;79999;79999;79999;79999;80000;80000;80000
47162;259.5188873575483;0.0;24.18566551479634;37624;37654;37681;37704;37719;38034;38328;38402;38402;38402;38402;38636;39440;39678
80000;10.431593689251613;0.0;0.00013039492111564517;79999;79999;79999;79999;79999;79999;79999;79999;79999;79999;79999;79999;80000;80000
80000;9.898311299998108;0.0;0.00012372889124997636;79999;79999;79999;79999;79999;79999;79999;79999;79999;79999;79999;80000;80000;80000
80000;259.5188873575483;0.0;18.112910815573017;64935;64951;64966;64980;64996;65031;65065;65097;65097;65097;65097;65124;65253;65317
0;;;;0;0;0;0;0;0;0;0;0;0;0;0;0;0
0;;;;0;0;0;0;0;0;0;0;0;0;0;0;0;0
5170;0.0;0.0;0.0;5170;5170;5170;5170;5170;5170;5170;5170;5170;5170;5170;5170;5170;5170
837;0.0;0.0;0.0;837;837;837;837;837;837;837;837;837;837;837;837;837;837
2632;0.0;0.0;0.0;2632;2632;2632;2632;2632;2632;2632;2632;2632;2632;2632;2632;2632;2632
80000;0.6117811571403593;0.0;7.647264464254491e-06;79999;79999;79999;79999;79999;80000;80000;80000;80000;80000;80000;80000;80000;80000
80000;0.0;0.0;0.0;80000;80000;80000;80000;80000;80000;80000;80000;80000;80000;80000;80000;80000;80000
40020;259.5182963651789;0.0;37.684358812582076;28084;28111;28150;28184;28213;28546;28921;28973;28973;28973;28973;29315;30240;30499
40961;259.5194783542968;0.0;36.60647403552402;29212;29240;29286;29324;29364;29699;30007;30064;30064;30064;30064;30405;31249;31502
80000;0.0;0.0;0.0;80000;80000;80000;80000;80000;80000;80000;80000;80000;80000;80000;80000;80000;80000
6068;0.0;0.0;0.0;6068;6068;6068;6068;6068;6068;6068;6068;6068;6068;6068;6068;6068;6068
80000;0.3606276871094453;0.0;4.507846088868066e-06;79999;79999;79999;80000;80000;80000;80000;80000;80000;80000;80000;80000;80000;80000
837;0.0;0.0;0.0;837;837;837;837;837;837;837;837;837;837;837;837;837;837
4401;0.0;0.0;0.0;4401;4401;4401;4401;4401;4401;4401;4401;4401;4401;4401;4401;4401;4401
3543;0.0;0.0;0.0;3543;3543;3543;3543;3543;3543;3543;3543;3543;3543;3543;3543;3543;3543
12156;0.0;0.0;0.0;12156;12156;12156;12156;12156;12156;12156;12156;12156;12156;12156;12156;12156;12156
837;0.0;0.0;0.0;837;837;837;837;837;837;837;837;837;837;837;837;837;837
80000;4.80482938558347;0.0;6.0060367319793374e-05;79999;79999;79999;79999;79999;79999;79999;79999;79999;80000;80000;80000;80000;80000
46685;259.5194783542968;0.0;25.744820406685363;37056;37076;37101;37118;37144;37411;37732;37770;37770;37770;37770;38037;38815;39022
80000;7795.168615031573;0.0;56.339354902115254;47817;48380;48670;49228;49907;51662;51662;51670;51704;51765;51880;54965;60139;60215
80000;10.310850196550247;0.0;0.0001288856274568781;79999;79999;79999;79999;79999;79999;79999;79999;79999;79999;79999;79999;80000;80000
2632;0.0;0.0;0.0;2632;2632;2632;2632;2632;2632;2632;2632;2632;2632;2632;2632;2632;2632
42822;259.5188873575483;0.0;30.998192299400547;32111;32150;32177;32212;32246;32562;32888;32958;32958;32958;32958;33275;34107;34338
80000;0.0;0.0;0.0;80000;80000;80000;80000;80000;80000;80000;80000;80000;80000;80000;80000;80000;80000
80000;9.837419522663719;0.0;0.00012296774403329648;79999;79999;79999;79999;79999;79999;79999;79999;79999;79999;79999;80000;80000;80000
58;0.0;0.0;0.0;58;58;58;58;58;58;58;58;58;58;58;58;58;58
1722;0.0;0.0;0.0;1722;1722;1722;1722;1722;1722;1722;1722;1722;1722;1722;1722;1722;1722
1722;0.0;0.0;0.0;1722;1722;1722;1722;1722;1722;1722;1722;1722;1722;1722;1722;1722;1722
80000;11.646510325371057;0.0;0.0001455813790671382;79999;79999;79999;79999;79999;79999;79999;79999;79999;79999;79999;79999;80000;80000
3543;0.0;0.0;0.0;3543;3543;3543;3543;3543;3543;3543;3543;3543;3543;3543;3543;3543;3543
1722;0.0;0.0;0.0;1722;1722;1722;1722;1722;1722;1722;1722;1722;1722;1722;1722;1722;1722
837;0.0;0.0;0.0;837;837;837;837;837;837;837;837;837;837;837;837;837;837
80000;0.0;0.0;0.0;80000;80000;80000;80000;80000;80000;80000;80000;80000;80000;80000;80000;80000;80000
1722;0.0;0.0;0.0;1722;1722;1722;1722;1722;1722;1722;1722;1722;1722;1722;1722;1722;1722
80000;0.0;0.0;0.0;80000;80000;80000;80000;80000;80000;80000;80000;80000;80000;80000;80000;80000;80000
80000;1.5361907835805992;0.0;1.920238479475749e-05;79999;79999;79999;79999;79999;79999;80000;80000;80000;80000;80000;80000;80000;80000
80000;10.976224373906962;0.0;0.00013720280467383704;79999;79999;79999;79999;79999;79999;79999;79999;79999;79999;79999;79999;80000;80000
3543;0.0;0.0;0.0;3543;3543;3543;3543;3543;3543;3543;3543;3543;3543;3543;3543;3543;3543
80000;0.6080611535788735;0.0;7.600764419735918e-06;79999;79999;79999;79999;79999;80000;80000;80000;80000;80000;80000;80000;80000;80000
80000;0.0;0.0;0.0;80000;80000;80000;80000;80000;80000;80000;80000;80000;80000;80000;80000;80000;80000
1722;0.0;0.0;0.0;1722;1722;1722;1722;1722;1722;1722;1722;1722;1722;1722;1722;1722;1722
80000;10.310850196550247;0.0;0.0001288856274568781;79999;79999;79999;79999;79999;79999;79999;79999;79999;79999;79999;79999;80000;80000
80000;0.0;0.0;0.0;80000;80000;80000;80000;80000;80000;80000;80000;80000;80000;80000;80000;80000;80000
0;;;;0;0;0;0;0;0;0;0;0;0;0;0;0;0
80000;11.646510325371057;0.0;0.0001455813790671382;79999;79999;79999;79999;79999;79999;79999;79999;79999;79999;79999;79999;80000;80000
80000;9.347086146266232;0.0;0.0001168385768283279;79999;79999;79999;79999;79999;79999;79999;79999;79999;79999;79999;80000;80000;80000
0;;;;0;0;0;0;0;0;0;0;0;0;0;0;0;0
80000;0.6080611535788735;0.0;7.600764419735918e-06;79999;79999;79999;79999;79999;80000;80000;80000;80000;80000;80000;80000;80000;80000
80000;0.0;0.0;0.0;80000;80000;80000;80000;80000;80000;80000;80000;80000;80000;80000;80000;80000;80000
80000;1.8723974363616587;0.0;2.3404967954520734e-05;79999;79999;79999;79999;79999;79999;80000;80000;80000;80000;80000;80000;80000;80000
80000;0.0;0.0;0.0;80000;80000;80000;80000;80000;80000;80000;80000;80000;80000;80000;80000;80000;80000
80000;0.0;0.0;0.0;80000;80000;80000;80000;80000;80000;80000;80000;80000;80000;80000;80000;80000;80000
80000;9.347086146266232;0.0;0.0001168385768283279;79999;79999;79999;79999;79999;79999;79999;79999;79999;79999;79999;80000;80000;80000
41065;259.5194783542968;0.0;36.22602656174089;29364;29408;29443;29473;29518;29839;30119;30180;30180;30180;30180;30486;31400;31661
80000;0.0;0.0;0.0;80000;80000;80000;80000;80000;80000;80000;80000;80000;80000;80000;80000;80000;80000
1498;0.0;0.0;0.0;1498;1498;1498;1498;1498;1498;1498;1498;1498;1498;1498;1498;1498;1498
80000;0.4386696630977707;0.0;5.483370788722134e-06;79999;79999;79999;79999;80000;80000;80000;80000;80000;80000;80000;80000;80000;80000
837;0.0;0.0;0.0;837;837;837;837;837;837;837;837;837;837;837;837;837;837
1722;0.0;0.0;0.0;1722;1722;1722;1722;1722;1722;1722;1722;1722;1722;1722;1722;1722;1722
921;0.0;0.0;0.0;921;921;921;921;921;921;921;921;921;921;921;921;921;921
80000;10.976224373906962;0.0;0.00013720280467383704;79999;79999;79999;79999;79999;79999;79999;79999;79999;79999;79999;79999;80000;80000
3543;0.0;0.0;0.0;3543;3543;3543;3543;3543;3543;3543;3543;3543;3543;3543;3543;3543;3543
3543;0.0;0.0;0.0;3543;3543;3543;3543;3543;3543;3543;3543;3543;3543;3543;3543;3543;3543
80000;0.0;0.0;0.0;80000;80000;80000;80000;80000;80000;80000;80000;80000;80000;80000;80000;80000;80000
80000;10.431593689251613;0.0;0.00013039492111564517;79999;79999;79999;79999;79999;79999;79999;79999;79999;79999;79999;79999;80000;80000
6952;0.0;0.0;0.0;6952;6952;6952;6952;6952;6952;6952;6952;6952;6952;6952;6952;6952;6952
80000;0.0;0.0;0.0;80000;80000;80000;80000;80000;80000;80000;80000;80000;80000;80000;80000;80000;80000
42122;259.51711439357734;0.0;33.883121238440495;31032;31063;31089;31119;31142;31439;31742;31798;31798;31798;31798;32082;32943;33200
41362;259.5194783542968;0.0;34.40102339948019;29951;29996;30042;30069;30104;30432;30760;30818;30818;30818;30818;31106;31972;32228
837;0.0;0.0;0.0;837;837;837;837;837;837;837;837;837;837;837;837;837;837
80000;0.6080611535788735;0.0;7.600764419735918e-06;79999;79999;79999;79999;79999;80000;80000;80000;80000;80000;80000;80000;80000;80000
80000;0.6080611535788735;0.0;7.600764419735918e-06;79999;79999;79999;79999;79999;80000;80000;80000;80000;80000;80000;80000;80000;80000
6952;0.0;0.0;0.0;6952;6952;6952;6952;6952;6952;6952;6952;6952;6952;6952;6952;6952;6952
80000;0.0;0.0;0.0;80000;80000;80000;80000;80000;80000;80000;80000;80000;80000;80000;80000;80000;80000
80000;0.0;0.0;0.0;80000;80000;80000;80000;80000;80000;80000;80000;80000;80000;80000;80000;80000;80000
80000;10.976224373906962;0.0;0.00013720280467383704;79999;79999;79999;79999;79999;79999;79999;79999;79999;79999;79999;79999;80000;80000
0;;;;0;0;0;0;0;0;0;0;0;0;0;0;0;0
80000;10.310850196550247;0.0;0.0001288856274568781;79999;79999;79999;79999;79999;79999;79999;79999;79999;79999;79999;79999;80000;80000
80000;0.6117811571403593;0.0;7.647264464254491e-06;79999;79999;79999;79999;79999;80000;80000;80000;80000;80000;80000;80000;80000;80000
837;0.0;0.0;0.0;837;837;837;837;837;837;837;837;837;837;837;837;837;837
80000;0.2594989323379416;0.0;3.24373665422427e-06;79999;79999;80000;80000;80000;80000;80000;80000;80000;80000;80000;80000;80000;80000
7820;0.0;0.0;0.0;7820;7820;7820;7820;7820;7820;7820;7820;7820;7820;7820;7820;7820;7820
837;0.0;0.0;0.0;837;837;837;837;837;837;837;837;837;837;837;837;837;837
42327;259.5194783542968;0.0;32.784353552485996;31364;31401;31433;31463;31498;31822;32126;32175;32175;32175;32175;32461;33281;33511
45726;259.5182963651789;0.0;26.390605127063175;36072;36110;36130;36143;36163;36426;36755;36809;36809;36809;36809;37075;37805;38009
80000;0.006541291905150546;0.0;8.176614881438183e-08;80000;80000;80000;80000;80000;80000;80000;80000;80000;80000;80000;80000;80000;80000
0;;;;0;0;0;0;0;0;0;0;0;0;0;0;0;0
4401;0.0;0.0;0.0;4401;4401;4401;4401;4401;4401;4401;4401;4401;4401;4401;4401;4401;4401
837;0.0;0.0;0.0;837;837;837;837;837;837;837;837;837;837;837;837;837;837
80000;10.431593689251613;0.0;0.00013039492111564517;79999;79999;79999;79999;79999;79999;79999;79999;79999;79999;79999;79999;80000;80000
80000;9.898311299998108;0.0;0.00012372889124997636;79999;79999;79999;79999;79999;79999;79999;79999;79999;79999;79999;80000;80000;80000
837;0.0;0.0;0.0;837;837;837;837;837;837;837;837;837;837;837;837;837;837
80000;0.0;0.0;0.0;80000;80000;80000;80000;80000;80000;80000;80000;80000;80000;80000;80000;80000;80000
2632;0.0;0.0;0.0;2632;2632;2632;2632;2632;2632;2632;2632;2632;2632;2632;2632;2632;2632
80000;1.2108148259586002;0.0;1.5135185324482502e-05;79999;79999;79999;79999;79999;79999;80000;80000;80000;80000;80000;80000;80000;80000
80000;0.0;0.0;0.0;80000;80000;80000;80000;80000;80000;80000;80000;80000;80000;80000;80000;80000;80000
80000;10.976224373906962;0.0;0.00013720280467383704;79999;79999;79999;79999;79999;79999;79999;79999;79999;79999;79999;79999;80000;80000
80000;9.898311299998108;0.0;0.00012372889124997636;79999;79999;79999;79999;79999;79999;79999;79999;79999;79999;79999;80000;80000;80000
4295;0.0;0.0;0.0;4295;4295;4295;4295;4295;4295;4295;4295;4295;4295;4295;4295;4295;4295
837;0.0;0.0;0.0;837;837;837;837;837;837;837;837;837;837;837;837;837;837
1722;0.0;0.0;0.0;1722;1722;1722;1722;1722;1722;1722;1722;1722;1722;1722;1722;1722;1722
80000;0.6080611535788735;0.0;7.600764419735918e-06;79999;79999;79999;79999;79999;80000;80000;80000;80000;80000;80000;80000;80000;80000
80000;10.976224373906962;0.0;0.00013720280467383704;79999;79999;79999;79999;79999;79999;79999;79999;79999;79999;79999;79999;80000;80000
80000;100.0;0.0;0.00125;79999;79999;79999;79999;79999;79999;79999;79999;79999;79999;79999;79999;79999;79999
80000;5268.393797932244;0.0;51.15849930413053;59923;59927;59970;60019;60057;60217;60233;60265;60271;60312;60636;60660;60872;61170
80000;0.0;0.0;0.0;80000;80000;80000;80000;80000;80000;80000;80000;80000;80000;80000;80000;80000;80000
80000;10.976224373906962;0.0;0.00013720280467383704;79999;79999;79999;79999;79999;79999;79999;79999;79999;79999;79999;79999;80000;80000
80000;10.431593689251613;0.0;0.00013039492111564517;79999;79999;79999;79999;79999;79999;79999;79999;79999;79999;79999;79999;80000;80000
1722;0.0;0.0;0.0;1722;1722;1722;1722;1722;1722;1722;1722;1722;1722;1722;1722;1722;1722
80000;100.0;0.0;0.00125;79999;79999;79999;79999;79999;79999;79999;79999;79999;79999;79999;79999;79999;79999
80000;0.0035966518441105334;0.0;4.4958148051381666e-08;80000;80000;80000;80000;80000;80000;80000;80000;80000;80000;80000;80000;80000;80000
80000;100.0;0.0;0.00125;79999;79999;79999;79999;79999;79999;79999;79999;79999;79999;79999;79999;79999;79999
837;0.0;0.0;0.0;837;837;837;837;837;837;837;837;837;837;837;837;837;837
1054;0.0;0.0;0.0;1054;1054;1054;1054;1054;1054;1054;1054;1054;1054;1054;1054;1054;1054
80000;0.0;0.0;0.0;80000;80000;80000;80000;80000;80000;80000;80000;80000;80000;80000;80000;80000;80000
80000;0.0;0.0;0.0;80000;80000;80000;80000;80000;80000;80000;80000;80000;80000;80000;80000;80000;80000
80000;100.0;0.0;0.00125;79999;79999;79999;79999;79999;79999;79999;79999;79999;79999;79999;79999;79999;79999
837;0.0;0.0;0.0;837;837;837;837;837;837;837;837;837;837;837;837;837;837
80000;0.6080611535788735;0.0;7.600764419735918e-06;79999;79999;79999;79999;79999;80000;80000;80000;80000;80000;80000;80000;80000;80000
80000;1.2108148259586002;0.0;1.5135185324482502e-05;79999;79999;79999;79999;79999;79999;80000;80000;80000;80000;80000;80000;80000;80000
7820;0.0;0.0;0.0;7820;7820;7820;7820;7820;7820;7820;7820;7820;7820;7820;7820;7820;7820
80000;0.28903996972584634;0.0;3.6129996215730794e-06;79999;79999;80000;80000;80000;80000;80000;80000;80000;80000;80000;80000;80000;80000
80000;10.976224373906962;0.0;0.00013720280467383704;79999;79999;79999;79999;79999;79999;79999;79999;79999;79999;79999;79999;80000;80000
80000;10.431593689251613;0.0;0.00013039492111564517;79999;79999;79999;79999;79999;79999;79999;79999;79999;79999;79999;79999;80000;80000
80000;9.347086146266232;0.0;0.0001168385768283279;79999;79999;79999;79999;79999;79999;79999;79999;79999;79999;79999;80000;80000;80000
80000;0.6117811571403593;0.0;7.647264464254491e-06;79999;79999;79999;79999;79999;80000;80000;80000;80000;80000;80000;80000;80000;80000
49884;259.5188873575483;0.0;19.409474829484175;41651;41673;41695;41713;41734;42048;42310;42338;42338;42338;42338;42603;43388;43590
837;0.0;0.0;0.0;837;837;837;837;837;837;837;837;837;837;837;837;837;837
2632;0.0;0.0;0.0;2632;2632;2632;2632;2632;2632;2632;2632;2632;2632;2632;2632;2632;2632
40712;259.5194783542968;0.0;36.88114635281764;28953;28990;29014;29049;29087;29434;29750;29823;29823;29823;29823;30126;30946;31188
2632;0.0;0.0;0.0;2632;2632;2632;2632;2632;2632;2632;2632;2632;2632;2632;2632;2632;2632
2632;0.0;0.0;0.0;2632;2632;2632;2632;2632;2632;2632;2632;2632;2632;2632;2632;2632;2632
80000;0.0;0.0;0.0;80000;80000;80000;80000;80000;80000;80000;80000;80000;80000;80000;80000;80000;80000
42829;259.5188873575483;0.0;31.11618421681247;32156;32200;32236;32263;32297;32598;32928;32985;32985;32985;32985;33271;34116;34332
837;0.0;0.0;0.0;837;837;837;837;837;837;837;837;837;837;837;837;837;837
3300;0.0;0.0;0.0;3300;3300;3300;3300;3300;3300;3300;3300;3300;3300;3300;3300;3300;3300
2632;0.0;0.0;0.0;2632;2632;2632;2632;2632;2632;2632;2632;2632;2632;2632;2632;2632;2632
80000;10.431593689251613;0.0;0.00013039492111564517;79999;79999;79999;79999;79999;79999;79999;79999;79999;79999;79999;79999;80000;80000
80000;0.09271058415055357;0.0;1.1588823018819196e-06;80000;80000;80000;80000;80000;80000;80000;80000;80000;80000;80000;80000;80000;80000
80000;10.390725633319011;0.0;0.00012988407041648764;79999;79999;79999;79999;79999;79999;79999;79999;79999;79999;79999;79999;80000;80000
1722;0.0;0.0;0.0;1722;1722;1722;1722;1722;1722;1722;1722;1722;1722;1722;1722;1722;1722
40041;259.5194783542968;0.0;38.11557673644714;28050;28085;28130;28165;28194;28530;28860;28913;28913;28913;28913;29279;30183;30436
80000;0.0;0.0;0.0;80000;80000;80000;80000;80000;80000;80000;80000;80000;80000;80000;80000;80000;80000
80000;0.0;0.0;0.0;80000;80000;80000;80000;80000;80000;80000;80000;80000;80000;80000;80000;80000;80000
1722;0.0;0.0;0.0;1722;1722;1722;1722;1722;1722;1722;1722;1722;1722;1722;1722;1722;1722
42695;259.5194783542968;0.0;31.070657188775577;32090;32125;32151;32188;32222;32500;32815;32880;32880;32880;32880;33170;34012;34247
80000;0.0;0.0;0.0;80000;80000;80000;80000;80000;80000;80000;80000;80000;80000;80000;80000;80000;80000
2632;0.0;0.0;0.0;2632;2632;2632;2632;2632;2632;2632;2632;2632;2632;2632;2632;2632;2632
1722;0.0;0.0;0.0;1722;1722;1722;1722;1722;1722;1722;1722;1722;1722;1722;1722;1722;1722
80000;10.431593689251613;0.0;0.00013039492111564517;79999;79999;79999;79999;79999;79999;79999;79999;79999;79999;79999;79999;80000;80000
80000;0.0;0.0;0.0;80000;80000;80000;80000;80000;80000;80000;80000;80000;80000;80000;80000;80000;80000
80000;0.0;0.0;0.0;80000;80000;80000;80000;80000;80000;80000;80000;80000;80000;80000;80000;80000;80000
4130;0.0;0.0;0.0;4130;4130;4130;4130;4130;4130;4130;4130;4130;4130;4130;4130;4130;4130
80000;1.8242941872509533;0.0;2.2803677340636916e-05;79999;79999;79999;79999;79999;79999;80000;80000;80000;80000;80000;80000;80000;80000
837;0.0;0.0;0.0;837;837;837;837;837;837;837;837;837;837;837;837;837;837
80000;0.13962253097568755;0.0;1.7452816371960945e-06;79999;80000;80000;80000;80000;80000;80000;80000;80000;80000;80000;80000;80000;80000
837;0.0;0.0;0.0;837;837;837;837;837;837;837;837;837;837;837;837;837;837
51649;259.5194783542968;0.0;18.87637400240805;43245;43266;43284;43310;43332;43676;43937;43970;43970;43970;43970;44207;44999;45198
80000;0.6117811571403593;0.0;7.647264464254491e-06;79999;79999;79999;79999;79999;80000;80000;80000;80000;80000;80000;80000;80000;80000
80000;11.646510325371057;0.0;0.0001455813790671382;79999;79999;79999;79999;79999;79999;79999;79999;79999;79999;79999;79999;80000;80000
80000;11.646510325371057;0.0;0.0001455813790671382;79999;79999;79999;79999;79999;79999;79999;79999;79999;79999;79999;79999;80000;80000
5224;0.0;0.0;0.0;5224;5224;5224;5224;5224;5224;5224;5224;5224;5224;5224;5224;5224;5224
80000;0.6117811571403593;0.0;7.647264464254491e-06;79999;79999;79999;79999;79999;80000;80000;80000;80000;80000;80000;80000;80000;80000
1633;0.0;0.0;0.0;1633;1633;1633;1633;1633;1633;1633;1633;1633;1633;1633;1633;1633;1633
51561;259.5182963651789;0.0;18.87089978019581;43170;43189;43221;43247;43271;43618;43845;43866;43866;43866;43866;44116;44931;45139
41412;259.5188873575483;0.0;34.40820065504685;29999;30041;30080;30118;30160;30514;30815;30885;30885;30885;30885;31204;32060;32308
18304;0.0;0.0;0.0;18304;18304;18304;18304;18304;18304;18304;18304;18304;18304;18304;18304;18304;18304
80000;0.0;0.0;0.0;80000;80000;80000;80000;80000;80000;80000;80000;80000;80000;80000;80000;80000;80000
80000;10.976224373906962;0.0;0.00013720280467383704;79999;79999;79999;79999;79999;79999;79999;79999;79999;79999;79999;79999;80000;80000
80000;1.2108148259586002;0.0;1.5135185324482502e-05;79999;79999;79999;79999;79999;79999;80000;80000;80000;80000;80000;80000;80000;80000
80000;11.601518187851232;0.0;0.0001450189773481404;79999;79999;79999;79999;79999;79999;79999;79999;79999;79999;79999;79999;80000;80000
2632;0.0;0.0;0.0;2632;2632;2632;2632;2632;2632;2632;2632;2632;2632;2632;2632;2632;2632
6064;0.0;0.0;0.0;6064;6064;6064;6064;6064;6064;6064;6064;6064;6064;6064;6064;6064;6064
1722;0.0;0.0;0.0;1722;1722;1722;1722;1722;1722;1722;1722;1722;1722;1722;1722;1722;1722
80000;100.0;0.0;0.00125;79999;79999;79999;79999;79999;79999;79999;79999;79999;79999;79999;79999;79999;79999
80000;10.976224373906962;0.0;0.00013720280467383704;79999;79999;79999;79999;79999;79999;79999;79999;79999;79999;79999;79999;80000;80000
80000;9.347086146266232;0.0;0.0001168385768283279;79999;79999;79999;79999;79999;79999;79999;79999;79999;79999;79999;80000;80000;80000
80000;0.0;0.0;0.0;80000;80000;80000;80000;80000;80000;80000;80000;80000;80000;80000;80000;80000;80000
80000;0.6080611535788735;0.0;7.600764419735918e-06;79999;79999;79999;79999;79999;80000;80000;80000;80000;80000;80000;80000;80000;80000
80000;0.0;0.0;0.0;80000;80000;80000;80000;80000;80000;80000;80000;80000;80000;80000;80000;80000;80000
837;0.0;0.0;0.0;837;837;837;837;837;837;837;837;837;837;837;837;837;837
2787;0.0;0.0;0.0;2787;2787;2787;2787;2787;2787;2787;2787;2787;2787;2787;2787;2787;2787
1722;0.0;0.0;0.0;1722;1722;1722;1722;1722;1722;1722;1722;1722;1722;1722;1722;1722;1722
3543;0.0;0.0;0.0;3543;3543;3543;3543;3543;3543;3543;3543;3543;3543;3543;3543;3543;3543
80000;10.431593689251613;0.0;0.00013039492111564517;79999;79999;79999;79999;79999;79999;79999;79999;79999;79999;79999;79999;80000;80000
0;;;;0;0;0;0;0;0;0;0;0;0;0;0;0;0
80000;11.592473311644792;0.0;0.0001449059163955599;79999;79999;79999;79999;79999;79999;79999;79999;79999;79999;79999;79999;80000;80000
80000;0.6117811571403593;0.0;7.647264464254491e-06;79999;79999;79999;79999;79999;80000;80000;80000;80000;80000;80000;80000;80000;80000
80000;11.997608556257118;0.0;0.00014997010695321397;79999;79999;79999;79999;79999;79999;79999;79999;79999;79999;79999;79999;80000;80000
80000;11.786751102368532;0.0;0.00014733438877960665;79999;79999;79999;79999;79999;79999;79999;79999;79999;79999;79999;79999;80000;80000
